{
  "type": "File",
  "start": 0,
  "end": 328,
  "loc": {
    "start": {
      "line": 1,
      "column": 0
    },
    "end": {
      "line": 19,
      "column": 0
    }
  },
  "program": {
    "type": "Program",
    "start": 0,
    "end": 328,
    "loc": {
      "start": {
        "line": 1,
        "column": 0
      },
      "end": {
        "line": 19,
        "column": 0
      }
    },
    "sourceType": "module",
    "body": [
      {
        "type": "ImportDeclaration",
        "start": 0,
        "end": 40,
        "loc": {
          "start": {
            "line": 1,
            "column": 0
          },
          "end": {
            "line": 1,
            "column": 40
          }
        },
        "specifiers": [
          {
            "type": "ImportSpecifier",
            "start": 8,
            "end": 18,
            "loc": {
              "start": {
                "line": 1,
                "column": 8
              },
              "end": {
                "line": 1,
                "column": 18
              }
            },
            "imported": {
              "type": "Identifier",
              "start": 8,
              "end": 18,
              "loc": {
                "start": {
                  "line": 1,
                  "column": 8
                },
                "end": {
                  "line": 1,
                  "column": 18
                },
                "identifierName": "StyleSheet"
              },
              "name": "StyleSheet"
            },
            "local": {
              "type": "Identifier",
              "start": 8,
              "end": 18,
              "loc": {
                "start": {
                  "line": 1,
                  "column": 8
                },
                "end": {
                  "line": 1,
                  "column": 18
                },
                "identifierName": "StyleSheet"
              },
              "name": "StyleSheet"
            }
          }
        ],
        "source": {
          "type": "StringLiteral",
          "start": 25,
          "end": 39,
          "loc": {
            "start": {
              "line": 1,
              "column": 25
            },
            "end": {
              "line": 1,
              "column": 39
            }
          },
          "extra": {
            "rawValue": "react-native",
            "raw": "'react-native'"
          },
          "value": "react-native"
        }
      },
      {
        "type": "ExportDefaultDeclaration",
        "start": 42,
        "end": 327,
        "loc": {
          "start": {
            "line": 3,
            "column": 0
          },
          "end": {
            "line": 18,
            "column": 6
          }
        },
        "declaration": {
          "type": "CallExpression",
          "start": 57,
          "end": 326,
          "loc": {
            "start": {
              "line": 3,
              "column": 15
            },
            "end": {
              "line": 18,
              "column": 5
            }
          },
          "callee": {
            "type": "MemberExpression",
            "start": 57,
            "end": 74,
            "loc": {
              "start": {
                "line": 3,
                "column": 15
              },
              "end": {
                "line": 3,
                "column": 32
              }
            },
            "object": {
              "type": "Identifier",
              "start": 57,
              "end": 67,
              "loc": {
                "start": {
                  "line": 3,
                  "column": 15
                },
                "end": {
                  "line": 3,
                  "column": 25
                },
                "identifierName": "StyleSheet"
              },
              "name": "StyleSheet"
            },
            "property": {
              "type": "Identifier",
              "start": 68,
              "end": 74,
              "loc": {
                "start": {
                  "line": 3,
                  "column": 26
                },
                "end": {
                  "line": 3,
                  "column": 32
                },
                "identifierName": "create"
              },
              "name": "create"
            },
            "computed": false
          },
          "arguments": [
            {
              "type": "ObjectExpression",
              "start": 75,
              "end": 325,
              "loc": {
                "start": {
                  "line": 3,
                  "column": 33
                },
                "end": {
                  "line": 18,
                  "column": 4
                }
              },
              "properties": [
                {
                  "type": "ObjectProperty",
                  "start": 79,
                  "end": 151,
                  "loc": {
                    "start": {
                      "line": 4,
                      "column": 2
                    },
                    "end": {
                      "line": 7,
                      "column": 3
                    }
                  },
                  "method": false,
                  "shorthand": false,
                  "computed": false,
                  "key": {
                    "type": "Identifier",
                    "start": 79,
                    "end": 88,
                    "loc": {
                      "start": {
                        "line": 4,
                        "column": 2
                      },
                      "end": {
                        "line": 4,
                        "column": 11
                      },
                      "identifierName": "container"
                    },
                    "name": "container"
                  },
                  "value": {
                    "type": "ObjectExpression",
                    "start": 90,
                    "end": 151,
                    "loc": {
                      "start": {
                        "line": 4,
                        "column": 13
                      },
                      "end": {
                        "line": 7,
                        "column": 3
                      }
                    },
                    "properties": [
                      {
                        "type": "ObjectProperty",
                        "start": 96,
                        "end": 120,
                        "loc": {
                          "start": {
                            "line": 5,
                            "column": 4
                          },
                          "end": {
                            "line": 5,
                            "column": 28
                          }
                        },
                        "method": false,
                        "shorthand": false,
                        "computed": false,
                        "key": {
                          "type": "Identifier",
                          "start": 96,
                          "end": 110,
                          "loc": {
                            "start": {
                              "line": 5,
                              "column": 4
                            },
                            "end": {
                              "line": 5,
                              "column": 18
                            },
                            "identifierName": "justifyContent"
                          },
                          "name": "justifyContent"
                        },
                        "value": {
                          "type": "StringLiteral",
                          "start": 112,
                          "end": 120,
                          "loc": {
                            "start": {
                              "line": 5,
                              "column": 20
                            },
                            "end": {
                              "line": 5,
                              "column": 28
                            }
                          },
                          "extra": {
                            "rawValue": "center",
                            "raw": "'center'"
                          },
                          "value": "center"
                        }
                      },
                      {
                        "type": "ObjectProperty",
                        "start": 126,
                        "end": 146,
                        "loc": {
                          "start": {
                            "line": 6,
                            "column": 4
                          },
                          "end": {
                            "line": 6,
                            "column": 24
                          }
                        },
                        "method": false,
                        "shorthand": false,
                        "computed": false,
                        "key": {
                          "type": "Identifier",
                          "start": 126,
                          "end": 136,
                          "loc": {
                            "start": {
                              "line": 6,
                              "column": 4
                            },
                            "end": {
                              "line": 6,
                              "column": 14
                            },
                            "identifierName": "alignItems"
                          },
                          "name": "alignItems"
                        },
                        "value": {
                          "type": "StringLiteral",
                          "start": 138,
                          "end": 146,
                          "loc": {
                            "start": {
                              "line": 6,
                              "column": 16
                            },
                            "end": {
                              "line": 6,
                              "column": 24
                            }
                          },
                          "extra": {
                            "rawValue": "center",
                            "raw": "'center'"
                          },
                          "value": "center"
                        }
                      }
                    ]
                  }
                },
                {
                  "type": "ObjectProperty",
                  "start": 155,
                  "end": 254,
                  "loc": {
                    "start": {
                      "line": 8,
                      "column": 2
                    },
                    "end": {
                      "line": 13,
                      "column": 3
                    }
                  },
                  "method": false,
                  "shorthand": false,
                  "computed": false,
                  "key": {
                    "type": "Identifier",
                    "start": 155,
                    "end": 161,
                    "loc": {
                      "start": {
                        "line": 8,
                        "column": 2
                      },
                      "end": {
                        "line": 8,
                        "column": 8
                      },
                      "identifierName": "header"
                    },
                    "name": "header"
                  },
                  "value": {
                    "type": "ObjectExpression",
                    "start": 163,
                    "end": 254,
                    "loc": {
                      "start": {
                        "line": 8,
                        "column": 10
                      },
                      "end": {
                        "line": 13,
                        "column": 3
                      }
                    },
                    "properties": [
                      {
                        "type": "ObjectProperty",
                        "start": 169,
                        "end": 188,
                        "loc": {
                          "start": {
                            "line": 9,
                            "column": 4
                          },
                          "end": {
                            "line": 9,
                            "column": 23
                          }
                        },
                        "method": false,
                        "shorthand": false,
                        "computed": false,
                        "key": {
                          "type": "Identifier",
                          "start": 169,
                          "end": 178,
                          "loc": {
                            "start": {
                              "line": 9,
                              "column": 4
                            },
                            "end": {
                              "line": 9,
                              "column": 13
                            },
                            "identifierName": "textAlign"
                          },
                          "name": "textAlign"
                        },
                        "value": {
                          "type": "StringLiteral",
                          "start": 180,
                          "end": 188,
                          "loc": {
                            "start": {
                              "line": 9,
                              "column": 15
                            },
                            "end": {
                              "line": 9,
                              "column": 23
                            }
                          },
                          "extra": {
                            "rawValue": "center",
                            "raw": "'center'"
                          },
                          "value": "center"
                        }
                      },
                      {
                        "type": "ObjectProperty",
                        "start": 194,
                        "end": 206,
                        "loc": {
                          "start": {
                            "line": 10,
                            "column": 4
                          },
                          "end": {
                            "line": 10,
                            "column": 16
                          }
                        },
                        "method": false,
                        "shorthand": false,
                        "computed": false,
                        "key": {
                          "type": "Identifier",
                          "start": 194,
                          "end": 202,
                          "loc": {
                            "start": {
                              "line": 10,
                              "column": 4
                            },
                            "end": {
                              "line": 10,
                              "column": 12
                            },
                            "identifierName": "fontSize"
                          },
                          "name": "fontSize"
                        },
                        "value": {
                          "type": "NumericLiteral",
                          "start": 204,
                          "end": 206,
                          "loc": {
                            "start": {
                              "line": 10,
                              "column": 14
                            },
                            "end": {
                              "line": 10,
                              "column": 16
                            }
                          },
                          "extra": {
                            "rawValue": 40,
                            "raw": "40"
                          },
                          "value": 40
                        }
                      },
                      {
                        "type": "ObjectProperty",
                        "start": 212,
                        "end": 230,
                        "loc": {
                          "start": {
                            "line": 11,
                            "column": 4
                          },
                          "end": {
                            "line": 11,
                            "column": 22
                          }
                        },
                        "method": false,
                        "shorthand": false,
                        "computed": false,
                        "key": {
                          "type": "Identifier",
                          "start": 212,
                          "end": 222,
                          "loc": {
                            "start": {
                              "line": 11,
                              "column": 4
                            },
                            "end": {
                              "line": 11,
                              "column": 14
                            },
                            "identifierName": "fontWeight"
                          },
                          "name": "fontWeight"
                        },
                        "value": {
                          "type": "StringLiteral",
                          "start": 224,
                          "end": 230,
                          "loc": {
                            "start": {
                              "line": 11,
                              "column": 16
                            },
                            "end": {
                              "line": 11,
                              "column": 22
                            }
                          },
                          "extra": {
                            "rawValue": "bold",
                            "raw": "'bold'"
                          },
                          "value": "bold"
                        }
                      },
                      {
                        "type": "ObjectProperty",
                        "start": 236,
                        "end": 249,
                        "loc": {
                          "start": {
                            "line": 12,
                            "column": 4
                          },
                          "end": {
                            "line": 12,
                            "column": 17
                          }
                        },
                        "method": false,
                        "shorthand": false,
                        "computed": false,
                        "key": {
                          "type": "Identifier",
                          "start": 236,
                          "end": 245,
                          "loc": {
                            "start": {
                              "line": 12,
                              "column": 4
                            },
                            "end": {
                              "line": 12,
                              "column": 13
                            },
                            "identifierName": "marginTop"
                          },
                          "name": "marginTop"
                        },
                        "value": {
                          "type": "NumericLiteral",
                          "start": 247,
                          "end": 249,
                          "loc": {
                            "start": {
                              "line": 12,
                              "column": 15
                            },
                            "end": {
                              "line": 12,
                              "column": 17
                            }
                          },
                          "extra": {
                            "rawValue": 20,
                            "raw": "20"
                          },
                          "value": 20
                        }
                      }
                    ]
                  }
                },
                {
                  "type": "ObjectProperty",
                  "start": 258,
                  "end": 324,
                  "loc": {
                    "start": {
                      "line": 14,
                      "column": 2
                    },
                    "end": {
                      "line": 18,
                      "column": 3
                    }
                  },
                  "method": false,
                  "shorthand": false,
                  "computed": false,
                  "key": {
                    "type": "Identifier",
                    "start": 258,
                    "end": 265,
                    "loc": {
                      "start": {
                        "line": 14,
                        "column": 2
                      },
                      "end": {
                        "line": 14,
                        "column": 9
                      },
                      "identifierName": "stretch"
                    },
                    "name": "stretch"
                  },
                  "value": {
                    "type": "ObjectExpression",
                    "start": 267,
                    "end": 324,
                    "loc": {
                      "start": {
                        "line": 14,
                        "column": 11
                      },
                      "end": {
                        "line": 18,
                        "column": 3
                      }
                    },
                    "properties": [
                      {
                        "type": "ObjectProperty",
                        "start": 273,
                        "end": 286,
                        "loc": {
                          "start": {
                            "line": 15,
                            "column": 4
                          },
                          "end": {
                            "line": 15,
                            "column": 17
                          }
                        },
                        "method": false,
                        "shorthand": false,
                        "computed": false,
                        "key": {
                          "type": "Identifier",
                          "start": 273,
                          "end": 282,
                          "loc": {
                            "start": {
                              "line": 15,
                              "column": 4
                            },
                            "end": {
                              "line": 15,
                              "column": 13
                            },
                            "identifierName": "marginTop"
                          },
                          "name": "marginTop"
                        },
                        "value": {
                          "type": "NumericLiteral",
                          "start": 284,
                          "end": 286,
                          "loc": {
                            "start": {
                              "line": 15,
                              "column": 15
                            },
                            "end": {
                              "line": 15,
                              "column": 17
                            }
                          },
                          "extra": {
                            "rawValue": 75,
                            "raw": "75"
                          },
                          "value": 75
                        }
                      },
                      {
                        "type": "ObjectProperty",
                        "start": 292,
                        "end": 302,
                        "loc": {
                          "start": {
                            "line": 16,
                            "column": 4
                          },
                          "end": {
                            "line": 16,
                            "column": 14
                          }
                        },
                        "method": false,
                        "shorthand": false,
                        "computed": false,
                        "key": {
                          "type": "Identifier",
                          "start": 292,
                          "end": 297,
                          "loc": {
                            "start": {
                              "line": 16,
                              "column": 4
                            },
                            "end": {
                              "line": 16,
                              "column": 9
                            },
                            "identifierName": "width"
                          },
                          "name": "width"
                        },
                        "value": {
                          "type": "NumericLiteral",
                          "start": 299,
                          "end": 302,
                          "loc": {
                            "start": {
                              "line": 16,
                              "column": 11
                            },
                            "end": {
                              "line": 16,
                              "column": 14
                            }
                          },
                          "extra": {
                            "rawValue": 400,
                            "raw": "400"
                          },
                          "value": 400
                        }
                      },
                      {
                        "type": "ObjectProperty",
                        "start": 308,
                        "end": 319,
                        "loc": {
                          "start": {
                            "line": 17,
                            "column": 4
                          },
                          "end": {
                            "line": 17,
                            "column": 15
                          }
                        },
                        "method": false,
                        "shorthand": false,
                        "computed": false,
                        "key": {
                          "type": "Identifier",
                          "start": 308,
                          "end": 314,
                          "loc": {
                            "start": {
                              "line": 17,
                              "column": 4
                            },
                            "end": {
                              "line": 17,
                              "column": 10
                            },
                            "identifierName": "height"
                          },
                          "name": "height"
                        },
                        "value": {
                          "type": "NumericLiteral",
                          "start": 316,
                          "end": 319,
                          "loc": {
                            "start": {
                              "line": 17,
                              "column": 12
                            },
                            "end": {
                              "line": 17,
                              "column": 15
                            }
                          },
                          "extra": {
                            "rawValue": 250,
                            "raw": "250"
                          },
                          "value": 250
                        }
                      }
                    ]
                  }
                }
              ]
            }
          ],
          "leadingComments": [],
          "trailingComments": []
        }
      }
    ],
    "directives": []
  },
  "comments": [],
  "tokens": [
    {
      "type": {
        "label": "import",
        "keyword": "import",
        "beforeExpr": false,
        "startsExpr": true,
        "rightAssociative": false,
        "isLoop": false,
        "isAssign": false,
        "prefix": false,
        "postfix": false,
        "binop": null,
        "updateContext": null
      },
      "value": "import",
      "start": 0,
      "end": 6,
      "loc": {
        "start": {
          "line": 1,
          "column": 0
        },
        "end": {
          "line": 1,
          "column": 6
        }
      }
    },
    {
      "type": {
        "label": "{",
        "beforeExpr": true,
        "startsExpr": true,
        "rightAssociative": false,
        "isLoop": false,
        "isAssign": false,
        "prefix": false,
        "postfix": false,
        "binop": null
      },
      "start": 7,
      "end": 8,
      "loc": {
        "start": {
          "line": 1,
          "column": 7
        },
        "end": {
          "line": 1,
          "column": 8
        }
      }
    },
    {
      "type": {
        "label": "name",
        "beforeExpr": false,
        "startsExpr": true,
        "rightAssociative": false,
        "isLoop": false,
        "isAssign": false,
        "prefix": false,
        "postfix": false,
        "binop": null
      },
      "value": "StyleSheet",
      "start": 8,
      "end": 18,
      "loc": {
        "start": {
          "line": 1,
          "column": 8
        },
        "end": {
          "line": 1,
          "column": 18
        }
      }
    },
    {
      "type": {
        "label": "}",
        "beforeExpr": false,
        "startsExpr": false,
        "rightAssociative": false,
        "isLoop": false,
        "isAssign": false,
        "prefix": false,
        "postfix": false,
        "binop": null
      },
      "start": 18,
      "end": 19,
      "loc": {
        "start": {
          "line": 1,
          "column": 18
        },
        "end": {
          "line": 1,
          "column": 19
        }
      }
    },
    {
      "type": {
        "label": "name",
        "beforeExpr": false,
        "startsExpr": true,
        "rightAssociative": false,
        "isLoop": false,
        "isAssign": false,
        "prefix": false,
        "postfix": false,
        "binop": null
      },
      "value": "from",
      "start": 20,
      "end": 24,
      "loc": {
        "start": {
          "line": 1,
          "column": 20
        },
        "end": {
          "line": 1,
          "column": 24
        }
      }
    },
    {
      "type": {
        "label": "string",
        "beforeExpr": false,
        "startsExpr": true,
        "rightAssociative": false,
        "isLoop": false,
        "isAssign": false,
        "prefix": false,
        "postfix": false,
        "binop": null,
        "updateContext": null
      },
      "value": "react-native",
      "start": 25,
      "end": 39,
      "loc": {
        "start": {
          "line": 1,
          "column": 25
        },
        "end": {
          "line": 1,
          "column": 39
        }
      }
    },
    {
      "type": {
        "label": ";",
        "beforeExpr": true,
        "startsExpr": false,
        "rightAssociative": false,
        "isLoop": false,
        "isAssign": false,
        "prefix": false,
        "postfix": false,
        "binop": null,
        "updateContext": null
      },
      "start": 39,
      "end": 40,
      "loc": {
        "start": {
          "line": 1,
          "column": 39
        },
        "end": {
          "line": 1,
          "column": 40
        }
      }
    },
    {
      "type": {
        "label": "export",
        "keyword": "export",
        "beforeExpr": false,
        "startsExpr": false,
        "rightAssociative": false,
        "isLoop": false,
        "isAssign": false,
        "prefix": false,
        "postfix": false,
        "binop": null,
        "updateContext": null
      },
      "value": "export",
      "start": 42,
      "end": 48,
      "loc": {
        "start": {
          "line": 3,
          "column": 0
        },
        "end": {
          "line": 3,
          "column": 6
        }
      }
    },
    {
      "type": {
        "label": "default",
        "keyword": "default",
        "beforeExpr": true,
        "startsExpr": false,
        "rightAssociative": false,
        "isLoop": false,
        "isAssign": false,
        "prefix": false,
        "postfix": false,
        "binop": null,
        "updateContext": null
      },
      "value": "default",
      "start": 49,
      "end": 56,
      "loc": {
        "start": {
          "line": 3,
          "column": 7
        },
        "end": {
          "line": 3,
          "column": 14
        }
      }
    },
    {
      "type": {
        "label": "name",
        "beforeExpr": false,
        "startsExpr": true,
        "rightAssociative": false,
        "isLoop": false,
        "isAssign": false,
        "prefix": false,
        "postfix": false,
        "binop": null
      },
      "value": "StyleSheet",
      "start": 57,
      "end": 67,
      "loc": {
        "start": {
          "line": 3,
          "column": 15
        },
        "end": {
          "line": 3,
          "column": 25
        }
      }
    },
    {
      "type": {
        "label": ".",
        "beforeExpr": false,
        "startsExpr": false,
        "rightAssociative": false,
        "isLoop": false,
        "isAssign": false,
        "prefix": false,
        "postfix": false,
        "binop": null,
        "updateContext": null
      },
      "start": 67,
      "end": 68,
      "loc": {
        "start": {
          "line": 3,
          "column": 25
        },
        "end": {
          "line": 3,
          "column": 26
        }
      }
    },
    {
      "type": {
        "label": "name",
        "beforeExpr": false,
        "startsExpr": true,
        "rightAssociative": false,
        "isLoop": false,
        "isAssign": false,
        "prefix": false,
        "postfix": false,
        "binop": null
      },
      "value": "create",
      "start": 68,
      "end": 74,
      "loc": {
        "start": {
          "line": 3,
          "column": 26
        },
        "end": {
          "line": 3,
          "column": 32
        }
      }
    },
    {
      "type": {
        "label": "(",
        "beforeExpr": true,
        "startsExpr": true,
        "rightAssociative": false,
        "isLoop": false,
        "isAssign": false,
        "prefix": false,
        "postfix": false,
        "binop": null
      },
      "start": 74,
      "end": 75,
      "loc": {
        "start": {
          "line": 3,
          "column": 32
        },
        "end": {
          "line": 3,
          "column": 33
        }
      }
    },
    {
      "type": {
        "label": "{",
        "beforeExpr": true,
        "startsExpr": true,
        "rightAssociative": false,
        "isLoop": false,
        "isAssign": false,
        "prefix": false,
        "postfix": false,
        "binop": null
      },
      "start": 75,
      "end": 76,
      "loc": {
        "start": {
          "line": 3,
          "column": 33
        },
        "end": {
          "line": 3,
          "column": 34
        }
      }
    },
    {
      "type": {
        "label": "name",
        "beforeExpr": false,
        "startsExpr": true,
        "rightAssociative": false,
        "isLoop": false,
        "isAssign": false,
        "prefix": false,
        "postfix": false,
        "binop": null
      },
      "value": "container",
      "start": 79,
      "end": 88,
      "loc": {
        "start": {
          "line": 4,
          "column": 2
        },
        "end": {
          "line": 4,
          "column": 11
        }
      }
    },
    {
      "type": {
        "label": ":",
        "beforeExpr": true,
        "startsExpr": false,
        "rightAssociative": false,
        "isLoop": false,
        "isAssign": false,
        "prefix": false,
        "postfix": false,
        "binop": null,
        "updateContext": null
      },
      "start": 88,
      "end": 89,
      "loc": {
        "start": {
          "line": 4,
          "column": 11
        },
        "end": {
          "line": 4,
          "column": 12
        }
      }
    },
    {
      "type": {
        "label": "{",
        "beforeExpr": true,
        "startsExpr": true,
        "rightAssociative": false,
        "isLoop": false,
        "isAssign": false,
        "prefix": false,
        "postfix": false,
        "binop": null
      },
      "start": 90,
      "end": 91,
      "loc": {
        "start": {
          "line": 4,
          "column": 13
        },
        "end": {
          "line": 4,
          "column": 14
        }
      }
    },
    {
      "type": {
        "label": "name",
        "beforeExpr": false,
        "startsExpr": true,
        "rightAssociative": false,
        "isLoop": false,
        "isAssign": false,
        "prefix": false,
        "postfix": false,
        "binop": null
      },
      "value": "justifyContent",
      "start": 96,
      "end": 110,
      "loc": {
        "start": {
          "line": 5,
          "column": 4
        },
        "end": {
          "line": 5,
          "column": 18
        }
      }
    },
    {
      "type": {
        "label": ":",
        "beforeExpr": true,
        "startsExpr": false,
        "rightAssociative": false,
        "isLoop": false,
        "isAssign": false,
        "prefix": false,
        "postfix": false,
        "binop": null,
        "updateContext": null
      },
      "start": 110,
      "end": 111,
      "loc": {
        "start": {
          "line": 5,
          "column": 18
        },
        "end": {
          "line": 5,
          "column": 19
        }
      }
    },
    {
      "type": {
        "label": "string",
        "beforeExpr": false,
        "startsExpr": true,
        "rightAssociative": false,
        "isLoop": false,
        "isAssign": false,
        "prefix": false,
        "postfix": false,
        "binop": null,
        "updateContext": null
      },
      "value": "center",
      "start": 112,
      "end": 120,
      "loc": {
        "start": {
          "line": 5,
          "column": 20
        },
        "end": {
          "line": 5,
          "column": 28
        }
      }
    },
    {
      "type": {
        "label": ",",
        "beforeExpr": true,
        "startsExpr": false,
        "rightAssociative": false,
        "isLoop": false,
        "isAssign": false,
        "prefix": false,
        "postfix": false,
        "binop": null,
        "updateContext": null
      },
      "start": 120,
      "end": 121,
      "loc": {
        "start": {
          "line": 5,
          "column": 28
        },
        "end": {
          "line": 5,
          "column": 29
        }
      }
    },
    {
      "type": {
        "label": "name",
        "beforeExpr": false,
        "startsExpr": true,
        "rightAssociative": false,
        "isLoop": false,
        "isAssign": false,
        "prefix": false,
        "postfix": false,
        "binop": null
      },
      "value": "alignItems",
      "start": 126,
      "end": 136,
      "loc": {
        "start": {
          "line": 6,
          "column": 4
        },
        "end": {
          "line": 6,
          "column": 14
        }
      }
    },
    {
      "type": {
        "label": ":",
        "beforeExpr": true,
        "startsExpr": false,
        "rightAssociative": false,
        "isLoop": false,
        "isAssign": false,
        "prefix": false,
        "postfix": false,
        "binop": null,
        "updateContext": null
      },
      "start": 136,
      "end": 137,
      "loc": {
        "start": {
          "line": 6,
          "column": 14
        },
        "end": {
          "line": 6,
          "column": 15
        }
      }
    },
    {
      "type": {
        "label": "string",
        "beforeExpr": false,
        "startsExpr": true,
        "rightAssociative": false,
        "isLoop": false,
        "isAssign": false,
        "prefix": false,
        "postfix": false,
        "binop": null,
        "updateContext": null
      },
      "value": "center",
      "start": 138,
      "end": 146,
      "loc": {
        "start": {
          "line": 6,
          "column": 16
        },
        "end": {
          "line": 6,
          "column": 24
        }
      }
    },
    {
      "type": {
        "label": ",",
        "beforeExpr": true,
        "startsExpr": false,
        "rightAssociative": false,
        "isLoop": false,
        "isAssign": false,
        "prefix": false,
        "postfix": false,
        "binop": null,
        "updateContext": null
      },
      "start": 146,
      "end": 147,
      "loc": {
        "start": {
          "line": 6,
          "column": 24
        },
        "end": {
          "line": 6,
          "column": 25
        }
      }
    },
    {
      "type": {
        "label": "}",
        "beforeExpr": false,
        "startsExpr": false,
        "rightAssociative": false,
        "isLoop": false,
        "isAssign": false,
        "prefix": false,
        "postfix": false,
        "binop": null
      },
      "start": 150,
      "end": 151,
      "loc": {
        "start": {
          "line": 7,
          "column": 2
        },
        "end": {
          "line": 7,
          "column": 3
        }
      }
    },
    {
      "type": {
        "label": ",",
        "beforeExpr": true,
        "startsExpr": false,
        "rightAssociative": false,
        "isLoop": false,
        "isAssign": false,
        "prefix": false,
        "postfix": false,
        "binop": null,
        "updateContext": null
      },
      "start": 151,
      "end": 152,
      "loc": {
        "start": {
          "line": 7,
          "column": 3
        },
        "end": {
          "line": 7,
          "column": 4
        }
      }
    },
    {
      "type": {
        "label": "name",
        "beforeExpr": false,
        "startsExpr": true,
        "rightAssociative": false,
        "isLoop": false,
        "isAssign": false,
        "prefix": false,
        "postfix": false,
        "binop": null
      },
      "value": "header",
      "start": 155,
      "end": 161,
      "loc": {
        "start": {
          "line": 8,
          "column": 2
        },
        "end": {
          "line": 8,
          "column": 8
        }
      }
    },
    {
      "type": {
        "label": ":",
        "beforeExpr": true,
        "startsExpr": false,
        "rightAssociative": false,
        "isLoop": false,
        "isAssign": false,
        "prefix": false,
        "postfix": false,
        "binop": null,
        "updateContext": null
      },
      "start": 161,
      "end": 162,
      "loc": {
        "start": {
          "line": 8,
          "column": 8
        },
        "end": {
          "line": 8,
          "column": 9
        }
      }
    },
    {
      "type": {
        "label": "{",
        "beforeExpr": true,
        "startsExpr": true,
        "rightAssociative": false,
        "isLoop": false,
        "isAssign": false,
        "prefix": false,
        "postfix": false,
        "binop": null
      },
      "start": 163,
      "end": 164,
      "loc": {
        "start": {
          "line": 8,
          "column": 10
        },
        "end": {
          "line": 8,
          "column": 11
        }
      }
    },
    {
      "type": {
        "label": "name",
        "beforeExpr": false,
        "startsExpr": true,
        "rightAssociative": false,
        "isLoop": false,
        "isAssign": false,
        "prefix": false,
        "postfix": false,
        "binop": null
      },
      "value": "textAlign",
      "start": 169,
      "end": 178,
      "loc": {
        "start": {
          "line": 9,
          "column": 4
        },
        "end": {
          "line": 9,
          "column": 13
        }
      }
    },
    {
      "type": {
        "label": ":",
        "beforeExpr": true,
        "startsExpr": false,
        "rightAssociative": false,
        "isLoop": false,
        "isAssign": false,
        "prefix": false,
        "postfix": false,
        "binop": null,
        "updateContext": null
      },
      "start": 178,
      "end": 179,
      "loc": {
        "start": {
          "line": 9,
          "column": 13
        },
        "end": {
          "line": 9,
          "column": 14
        }
      }
    },
    {
      "type": {
        "label": "string",
        "beforeExpr": false,
        "startsExpr": true,
        "rightAssociative": false,
        "isLoop": false,
        "isAssign": false,
        "prefix": false,
        "postfix": false,
        "binop": null,
        "updateContext": null
      },
      "value": "center",
      "start": 180,
      "end": 188,
      "loc": {
        "start": {
          "line": 9,
          "column": 15
        },
        "end": {
          "line": 9,
          "column": 23
        }
      }
    },
    {
      "type": {
        "label": ",",
        "beforeExpr": true,
        "startsExpr": false,
        "rightAssociative": false,
        "isLoop": false,
        "isAssign": false,
        "prefix": false,
        "postfix": false,
        "binop": null,
        "updateContext": null
      },
      "start": 188,
      "end": 189,
      "loc": {
        "start": {
          "line": 9,
          "column": 23
        },
        "end": {
          "line": 9,
          "column": 24
        }
      }
    },
    {
      "type": {
        "label": "name",
        "beforeExpr": false,
        "startsExpr": true,
        "rightAssociative": false,
        "isLoop": false,
        "isAssign": false,
        "prefix": false,
        "postfix": false,
        "binop": null
      },
      "value": "fontSize",
      "start": 194,
      "end": 202,
      "loc": {
        "start": {
          "line": 10,
          "column": 4
        },
        "end": {
          "line": 10,
          "column": 12
        }
      }
    },
    {
      "type": {
        "label": ":",
        "beforeExpr": true,
        "startsExpr": false,
        "rightAssociative": false,
        "isLoop": false,
        "isAssign": false,
        "prefix": false,
        "postfix": false,
        "binop": null,
        "updateContext": null
      },
      "start": 202,
      "end": 203,
      "loc": {
        "start": {
          "line": 10,
          "column": 12
        },
        "end": {
          "line": 10,
          "column": 13
        }
      }
    },
    {
      "type": {
        "label": "num",
        "beforeExpr": false,
        "startsExpr": true,
        "rightAssociative": false,
        "isLoop": false,
        "isAssign": false,
        "prefix": false,
        "postfix": false,
        "binop": null,
        "updateContext": null
      },
      "value": 40,
      "start": 204,
      "end": 206,
      "loc": {
        "start": {
          "line": 10,
          "column": 14
        },
        "end": {
          "line": 10,
          "column": 16
        }
      }
    },
    {
      "type": {
        "label": ",",
        "beforeExpr": true,
        "startsExpr": false,
        "rightAssociative": false,
        "isLoop": false,
        "isAssign": false,
        "prefix": false,
        "postfix": false,
        "binop": null,
        "updateContext": null
      },
      "start": 206,
      "end": 207,
      "loc": {
        "start": {
          "line": 10,
          "column": 16
        },
        "end": {
          "line": 10,
          "column": 17
        }
      }
    },
    {
      "type": {
        "label": "name",
        "beforeExpr": false,
        "startsExpr": true,
        "rightAssociative": false,
        "isLoop": false,
        "isAssign": false,
        "prefix": false,
        "postfix": false,
        "binop": null
      },
      "value": "fontWeight",
      "start": 212,
      "end": 222,
      "loc": {
        "start": {
          "line": 11,
          "column": 4
        },
        "end": {
          "line": 11,
          "column": 14
        }
      }
    },
    {
      "type": {
        "label": ":",
        "beforeExpr": true,
        "startsExpr": false,
        "rightAssociative": false,
        "isLoop": false,
        "isAssign": false,
        "prefix": false,
        "postfix": false,
        "binop": null,
        "updateContext": null
      },
      "start": 222,
      "end": 223,
      "loc": {
        "start": {
          "line": 11,
          "column": 14
        },
        "end": {
          "line": 11,
          "column": 15
        }
      }
    },
    {
      "type": {
        "label": "string",
        "beforeExpr": false,
        "startsExpr": true,
        "rightAssociative": false,
        "isLoop": false,
        "isAssign": false,
        "prefix": false,
        "postfix": false,
        "binop": null,
        "updateContext": null
      },
      "value": "bold",
      "start": 224,
      "end": 230,
      "loc": {
        "start": {
          "line": 11,
          "column": 16
        },
        "end": {
          "line": 11,
          "column": 22
        }
      }
    },
    {
      "type": {
        "label": ",",
        "beforeExpr": true,
        "startsExpr": false,
        "rightAssociative": false,
        "isLoop": false,
        "isAssign": false,
        "prefix": false,
        "postfix": false,
        "binop": null,
        "updateContext": null
      },
      "start": 230,
      "end": 231,
      "loc": {
        "start": {
          "line": 11,
          "column": 22
        },
        "end": {
          "line": 11,
          "column": 23
        }
      }
    },
    {
      "type": {
        "label": "name",
        "beforeExpr": false,
        "startsExpr": true,
        "rightAssociative": false,
        "isLoop": false,
        "isAssign": false,
        "prefix": false,
        "postfix": false,
        "binop": null
      },
      "value": "marginTop",
      "start": 236,
      "end": 245,
      "loc": {
        "start": {
          "line": 12,
          "column": 4
        },
        "end": {
          "line": 12,
          "column": 13
        }
      }
    },
    {
      "type": {
        "label": ":",
        "beforeExpr": true,
        "startsExpr": false,
        "rightAssociative": false,
        "isLoop": false,
        "isAssign": false,
        "prefix": false,
        "postfix": false,
        "binop": null,
        "updateContext": null
      },
      "start": 245,
      "end": 246,
      "loc": {
        "start": {
          "line": 12,
          "column": 13
        },
        "end": {
          "line": 12,
          "column": 14
        }
      }
    },
    {
      "type": {
        "label": "num",
        "beforeExpr": false,
        "startsExpr": true,
        "rightAssociative": false,
        "isLoop": false,
        "isAssign": false,
        "prefix": false,
        "postfix": false,
        "binop": null,
        "updateContext": null
      },
      "value": 20,
      "start": 247,
      "end": 249,
      "loc": {
        "start": {
          "line": 12,
          "column": 15
        },
        "end": {
          "line": 12,
          "column": 17
        }
      }
    },
    {
      "type": {
        "label": ",",
        "beforeExpr": true,
        "startsExpr": false,
        "rightAssociative": false,
        "isLoop": false,
        "isAssign": false,
        "prefix": false,
        "postfix": false,
        "binop": null,
        "updateContext": null
      },
      "start": 249,
      "end": 250,
      "loc": {
        "start": {
          "line": 12,
          "column": 17
        },
        "end": {
          "line": 12,
          "column": 18
        }
      }
    },
    {
      "type": {
        "label": "}",
        "beforeExpr": false,
        "startsExpr": false,
        "rightAssociative": false,
        "isLoop": false,
        "isAssign": false,
        "prefix": false,
        "postfix": false,
        "binop": null
      },
      "start": 253,
      "end": 254,
      "loc": {
        "start": {
          "line": 13,
          "column": 2
        },
        "end": {
          "line": 13,
          "column": 3
        }
      }
    },
    {
      "type": {
        "label": ",",
        "beforeExpr": true,
        "startsExpr": false,
        "rightAssociative": false,
        "isLoop": false,
        "isAssign": false,
        "prefix": false,
        "postfix": false,
        "binop": null,
        "updateContext": null
      },
      "start": 254,
      "end": 255,
      "loc": {
        "start": {
          "line": 13,
          "column": 3
        },
        "end": {
          "line": 13,
          "column": 4
        }
      }
    },
    {
      "type": {
        "label": "name",
        "beforeExpr": false,
        "startsExpr": true,
        "rightAssociative": false,
        "isLoop": false,
        "isAssign": false,
        "prefix": false,
        "postfix": false,
        "binop": null
      },
      "value": "stretch",
      "start": 258,
      "end": 265,
      "loc": {
        "start": {
          "line": 14,
          "column": 2
        },
        "end": {
          "line": 14,
          "column": 9
        }
      }
    },
    {
      "type": {
        "label": ":",
        "beforeExpr": true,
        "startsExpr": false,
        "rightAssociative": false,
        "isLoop": false,
        "isAssign": false,
        "prefix": false,
        "postfix": false,
        "binop": null,
        "updateContext": null
      },
      "start": 265,
      "end": 266,
      "loc": {
        "start": {
          "line": 14,
          "column": 9
        },
        "end": {
          "line": 14,
          "column": 10
        }
      }
    },
    {
      "type": {
        "label": "{",
        "beforeExpr": true,
        "startsExpr": true,
        "rightAssociative": false,
        "isLoop": false,
        "isAssign": false,
        "prefix": false,
        "postfix": false,
        "binop": null
      },
      "start": 267,
      "end": 268,
      "loc": {
        "start": {
          "line": 14,
          "column": 11
        },
        "end": {
          "line": 14,
          "column": 12
        }
      }
    },
    {
      "type": {
        "label": "name",
        "beforeExpr": false,
        "startsExpr": true,
        "rightAssociative": false,
        "isLoop": false,
        "isAssign": false,
        "prefix": false,
        "postfix": false,
        "binop": null
      },
      "value": "marginTop",
      "start": 273,
      "end": 282,
      "loc": {
        "start": {
          "line": 15,
          "column": 4
        },
        "end": {
          "line": 15,
          "column": 13
        }
      }
    },
    {
      "type": {
        "label": ":",
        "beforeExpr": true,
        "startsExpr": false,
        "rightAssociative": false,
        "isLoop": false,
        "isAssign": false,
        "prefix": false,
        "postfix": false,
        "binop": null,
        "updateContext": null
      },
      "start": 282,
      "end": 283,
      "loc": {
        "start": {
          "line": 15,
          "column": 13
        },
        "end": {
          "line": 15,
          "column": 14
        }
      }
    },
    {
      "type": {
        "label": "num",
        "beforeExpr": false,
        "startsExpr": true,
        "rightAssociative": false,
        "isLoop": false,
        "isAssign": false,
        "prefix": false,
        "postfix": false,
        "binop": null,
        "updateContext": null
      },
      "value": 75,
      "start": 284,
      "end": 286,
      "loc": {
        "start": {
          "line": 15,
          "column": 15
        },
        "end": {
          "line": 15,
          "column": 17
        }
      }
    },
    {
      "type": {
        "label": ",",
        "beforeExpr": true,
        "startsExpr": false,
        "rightAssociative": false,
        "isLoop": false,
        "isAssign": false,
        "prefix": false,
        "postfix": false,
        "binop": null,
        "updateContext": null
      },
      "start": 286,
      "end": 287,
      "loc": {
        "start": {
          "line": 15,
          "column": 17
        },
        "end": {
          "line": 15,
          "column": 18
        }
      }
    },
    {
      "type": {
        "label": "name",
        "beforeExpr": false,
        "startsExpr": true,
        "rightAssociative": false,
        "isLoop": false,
        "isAssign": false,
        "prefix": false,
        "postfix": false,
        "binop": null
      },
      "value": "width",
      "start": 292,
      "end": 297,
      "loc": {
        "start": {
          "line": 16,
          "column": 4
        },
        "end": {
          "line": 16,
          "column": 9
        }
      }
    },
    {
      "type": {
        "label": ":",
        "beforeExpr": true,
        "startsExpr": false,
        "rightAssociative": false,
        "isLoop": false,
        "isAssign": false,
        "prefix": false,
        "postfix": false,
        "binop": null,
        "updateContext": null
      },
      "start": 297,
      "end": 298,
      "loc": {
        "start": {
          "line": 16,
          "column": 9
        },
        "end": {
          "line": 16,
          "column": 10
        }
      }
    },
    {
      "type": {
        "label": "num",
        "beforeExpr": false,
        "startsExpr": true,
        "rightAssociative": false,
        "isLoop": false,
        "isAssign": false,
        "prefix": false,
        "postfix": false,
        "binop": null,
        "updateContext": null
      },
      "value": 400,
      "start": 299,
      "end": 302,
      "loc": {
        "start": {
          "line": 16,
          "column": 11
        },
        "end": {
          "line": 16,
          "column": 14
        }
      }
    },
    {
      "type": {
        "label": ",",
        "beforeExpr": true,
        "startsExpr": false,
        "rightAssociative": false,
        "isLoop": false,
        "isAssign": false,
        "prefix": false,
        "postfix": false,
        "binop": null,
        "updateContext": null
      },
      "start": 302,
      "end": 303,
      "loc": {
        "start": {
          "line": 16,
          "column": 14
        },
        "end": {
          "line": 16,
          "column": 15
        }
      }
    },
    {
      "type": {
        "label": "name",
        "beforeExpr": false,
        "startsExpr": true,
        "rightAssociative": false,
        "isLoop": false,
        "isAssign": false,
        "prefix": false,
        "postfix": false,
        "binop": null
      },
      "value": "height",
      "start": 308,
      "end": 314,
      "loc": {
        "start": {
          "line": 17,
          "column": 4
        },
        "end": {
          "line": 17,
          "column": 10
        }
      }
    },
    {
      "type": {
        "label": ":",
        "beforeExpr": true,
        "startsExpr": false,
        "rightAssociative": false,
        "isLoop": false,
        "isAssign": false,
        "prefix": false,
        "postfix": false,
        "binop": null,
        "updateContext": null
      },
      "start": 314,
      "end": 315,
      "loc": {
        "start": {
          "line": 17,
          "column": 10
        },
        "end": {
          "line": 17,
          "column": 11
        }
      }
    },
    {
      "type": {
        "label": "num",
        "beforeExpr": false,
        "startsExpr": true,
        "rightAssociative": false,
        "isLoop": false,
        "isAssign": false,
        "prefix": false,
        "postfix": false,
        "binop": null,
        "updateContext": null
      },
      "value": 250,
      "start": 316,
      "end": 319,
      "loc": {
        "start": {
          "line": 17,
          "column": 12
        },
        "end": {
          "line": 17,
          "column": 15
        }
      }
    },
    {
      "type": {
        "label": ",",
        "beforeExpr": true,
        "startsExpr": false,
        "rightAssociative": false,
        "isLoop": false,
        "isAssign": false,
        "prefix": false,
        "postfix": false,
        "binop": null,
        "updateContext": null
      },
      "start": 319,
      "end": 320,
      "loc": {
        "start": {
          "line": 17,
          "column": 15
        },
        "end": {
          "line": 17,
          "column": 16
        }
      }
    },
    {
      "type": {
        "label": "}",
        "beforeExpr": false,
        "startsExpr": false,
        "rightAssociative": false,
        "isLoop": false,
        "isAssign": false,
        "prefix": false,
        "postfix": false,
        "binop": null
      },
      "start": 323,
      "end": 324,
      "loc": {
        "start": {
          "line": 18,
          "column": 2
        },
        "end": {
          "line": 18,
          "column": 3
        }
      }
    },
    {
      "type": {
        "label": "}",
        "beforeExpr": false,
        "startsExpr": false,
        "rightAssociative": false,
        "isLoop": false,
        "isAssign": false,
        "prefix": false,
        "postfix": false,
        "binop": null
      },
      "start": 324,
      "end": 325,
      "loc": {
        "start": {
          "line": 18,
          "column": 3
        },
        "end": {
          "line": 18,
          "column": 4
        }
      }
    },
    {
      "type": {
        "label": ")",
        "beforeExpr": false,
        "startsExpr": false,
        "rightAssociative": false,
        "isLoop": false,
        "isAssign": false,
        "prefix": false,
        "postfix": false,
        "binop": null
      },
      "start": 325,
      "end": 326,
      "loc": {
        "start": {
          "line": 18,
          "column": 4
        },
        "end": {
          "line": 18,
          "column": 5
        }
      }
    },
    {
      "type": {
        "label": ";",
        "beforeExpr": true,
        "startsExpr": false,
        "rightAssociative": false,
        "isLoop": false,
        "isAssign": false,
        "prefix": false,
        "postfix": false,
        "binop": null,
        "updateContext": null
      },
      "start": 326,
      "end": 327,
      "loc": {
        "start": {
          "line": 18,
          "column": 5
        },
        "end": {
          "line": 18,
          "column": 6
        }
      }
    },
    {
      "type": {
        "label": "eof",
        "beforeExpr": false,
        "startsExpr": false,
        "rightAssociative": false,
        "isLoop": false,
        "isAssign": false,
        "prefix": false,
        "postfix": false,
        "binop": null,
        "updateContext": null
      },
      "start": 328,
      "end": 328,
      "loc": {
        "start": {
          "line": 19,
          "column": 0
        },
        "end": {
          "line": 19,
          "column": 0
        }
      }
    }
  ]
}