{
  "type": "File",
  "start": 0,
  "end": 0,
  "loc": {
    "start": {
      "line": 1,
      "column": 0
    },
    "end": {
      "line": 1,
      "column": 0
    }
  },
  "program": {
    "type": "Program",
    "start": 0,
    "end": 0,
    "loc": {
      "start": {
        "line": 1,
        "column": 0
      },
      "end": {
        "line": 1,
        "column": 0
      }
    },
    "sourceType": "module",
    "body": [],
    "directives": []
  },
  "comments": [],
  "tokens": [
    {
      "type": {
        "label": "eof",
        "beforeExpr": false,
        "startsExpr": false,
        "rightAssociative": false,
        "isLoop": false,
        "isAssign": false,
        "prefix": false,
        "postfix": false,
        "binop": null,
        "updateContext": null
      },
      "start": 0,
      "end": 0,
      "loc": {
        "start": {
          "line": 1,
          "column": 0
        },
        "end": {
          "line": 1,
          "column": 0
        }
      }
    }
  ]
}