{
  "type": "File",
  "start": 0,
  "end": 868,
  "loc": {
    "start": {
      "line": 1,
      "column": 0
    },
    "end": {
      "line": 43,
      "column": 0
    }
  },
  "program": {
    "type": "Program",
    "start": 0,
    "end": 868,
    "loc": {
      "start": {
        "line": 1,
        "column": 0
      },
      "end": {
        "line": 43,
        "column": 0
      }
    },
    "sourceType": "module",
    "body": [
      {
        "type": "ExportDefaultDeclaration",
        "start": 149,
        "end": 867,
        "loc": {
          "start": {
            "line": 5,
            "column": 0
          },
          "end": {
            "line": 42,
            "column": 1
          }
        },
        "declaration": {
          "type": "ClassDeclaration",
          "start": 164,
          "end": 867,
          "loc": {
            "start": {
              "line": 5,
              "column": 15
            },
            "end": {
              "line": 42,
              "column": 1
            }
          },
          "id": {
            "type": "Identifier",
            "start": 170,
            "end": 183,
            "loc": {
              "start": {
                "line": 5,
                "column": 21
              },
              "end": {
                "line": 5,
                "column": 34
              },
              "identifierName": "PedwaySection"
            },
            "name": "PedwaySection",
            "leadingComments": null
          },
          "superClass": null,
          "body": {
            "type": "ClassBody",
            "start": 184,
            "end": 867,
            "loc": {
              "start": {
                "line": 5,
                "column": 35
              },
              "end": {
                "line": 42,
                "column": 1
              }
            },
            "body": [
              {
                "type": "ClassMethod",
                "start": 269,
                "end": 350,
                "loc": {
                  "start": {
                    "line": 10,
                    "column": 2
                  },
                  "end": {
                    "line": 12,
                    "column": 3
                  }
                },
                "static": false,
                "computed": false,
                "key": {
                  "type": "Identifier",
                  "start": 269,
                  "end": 280,
                  "loc": {
                    "start": {
                      "line": 10,
                      "column": 2
                    },
                    "end": {
                      "line": 10,
                      "column": 13
                    },
                    "identifierName": "constructor"
                  },
                  "name": "constructor",
                  "leadingComments": null
                },
                "kind": "constructor",
                "id": null,
                "generator": false,
                "expression": false,
                "async": false,
                "params": [
                  {
                    "type": "AssignmentPattern",
                    "start": 281,
                    "end": 302,
                    "loc": {
                      "start": {
                        "line": 10,
                        "column": 14
                      },
                      "end": {
                        "line": 10,
                        "column": 35
                      }
                    },
                    "left": {
                      "type": "Identifier",
                      "start": 281,
                      "end": 297,
                      "loc": {
                        "start": {
                          "line": 10,
                          "column": 14
                        },
                        "end": {
                          "line": 10,
                          "column": 30
                        },
                        "identifierName": "inputCoordinates"
                      },
                      "name": "inputCoordinates"
                    },
                    "right": {
                      "type": "ArrayExpression",
                      "start": 300,
                      "end": 302,
                      "loc": {
                        "start": {
                          "line": 10,
                          "column": 33
                        },
                        "end": {
                          "line": 10,
                          "column": 35
                        }
                      },
                      "elements": []
                    }
                  }
                ],
                "body": {
                  "type": "BlockStatement",
                  "start": 304,
                  "end": 350,
                  "loc": {
                    "start": {
                      "line": 10,
                      "column": 37
                    },
                    "end": {
                      "line": 12,
                      "column": 3
                    }
                  },
                  "body": [
                    {
                      "type": "ExpressionStatement",
                      "start": 310,
                      "end": 346,
                      "loc": {
                        "start": {
                          "line": 11,
                          "column": 4
                        },
                        "end": {
                          "line": 11,
                          "column": 40
                        }
                      },
                      "expression": {
                        "type": "AssignmentExpression",
                        "start": 310,
                        "end": 345,
                        "loc": {
                          "start": {
                            "line": 11,
                            "column": 4
                          },
                          "end": {
                            "line": 11,
                            "column": 39
                          }
                        },
                        "operator": "=",
                        "left": {
                          "type": "MemberExpression",
                          "start": 310,
                          "end": 326,
                          "loc": {
                            "start": {
                              "line": 11,
                              "column": 4
                            },
                            "end": {
                              "line": 11,
                              "column": 20
                            }
                          },
                          "object": {
                            "type": "ThisExpression",
                            "start": 310,
                            "end": 314,
                            "loc": {
                              "start": {
                                "line": 11,
                                "column": 4
                              },
                              "end": {
                                "line": 11,
                                "column": 8
                              }
                            }
                          },
                          "property": {
                            "type": "Identifier",
                            "start": 315,
                            "end": 326,
                            "loc": {
                              "start": {
                                "line": 11,
                                "column": 9
                              },
                              "end": {
                                "line": 11,
                                "column": 20
                              },
                              "identifierName": "coordinates"
                            },
                            "name": "coordinates"
                          },
                          "computed": false
                        },
                        "right": {
                          "type": "Identifier",
                          "start": 329,
                          "end": 345,
                          "loc": {
                            "start": {
                              "line": 11,
                              "column": 23
                            },
                            "end": {
                              "line": 11,
                              "column": 39
                            },
                            "identifierName": "inputCoordinates"
                          },
                          "name": "inputCoordinates"
                        }
                      }
                    }
                  ],
                  "directives": [],
                  "trailingComments": null
                },
                "leadingComments": [
                  {
                    "type": "CommentBlock",
                    "value": "*\n   * constructor for this class\n   * @param {Array} inputCoordinates\n   ",
                    "start": 188,
                    "end": 266,
                    "loc": {
                      "start": {
                        "line": 6,
                        "column": 2
                      },
                      "end": {
                        "line": 9,
                        "column": 5
                      }
                    }
                  }
                ],
                "trailingComments": [
                  {
                    "type": "CommentBlock",
                    "value": "*\n   * get an array of coordinates\n   * @return {Array}\n   ",
                    "start": 354,
                    "end": 417,
                    "loc": {
                      "start": {
                        "line": 14,
                        "column": 2
                      },
                      "end": {
                        "line": 17,
                        "column": 5
                      }
                    }
                  }
                ]
              },
              {
                "type": "ClassMethod",
                "start": 420,
                "end": 471,
                "loc": {
                  "start": {
                    "line": 18,
                    "column": 2
                  },
                  "end": {
                    "line": 20,
                    "column": 3
                  }
                },
                "static": false,
                "computed": false,
                "key": {
                  "type": "Identifier",
                  "start": 420,
                  "end": 434,
                  "loc": {
                    "start": {
                      "line": 18,
                      "column": 2
                    },
                    "end": {
                      "line": 18,
                      "column": 16
                    },
                    "identifierName": "getCoordinates"
                  },
                  "name": "getCoordinates",
                  "leadingComments": null
                },
                "kind": "method",
                "id": null,
                "generator": false,
                "expression": false,
                "async": false,
                "params": [],
                "body": {
                  "type": "BlockStatement",
                  "start": 437,
                  "end": 471,
                  "loc": {
                    "start": {
                      "line": 18,
                      "column": 19
                    },
                    "end": {
                      "line": 20,
                      "column": 3
                    }
                  },
                  "body": [
                    {
                      "type": "ReturnStatement",
                      "start": 443,
                      "end": 467,
                      "loc": {
                        "start": {
                          "line": 19,
                          "column": 4
                        },
                        "end": {
                          "line": 19,
                          "column": 28
                        }
                      },
                      "argument": {
                        "type": "MemberExpression",
                        "start": 450,
                        "end": 466,
                        "loc": {
                          "start": {
                            "line": 19,
                            "column": 11
                          },
                          "end": {
                            "line": 19,
                            "column": 27
                          }
                        },
                        "object": {
                          "type": "ThisExpression",
                          "start": 450,
                          "end": 454,
                          "loc": {
                            "start": {
                              "line": 19,
                              "column": 11
                            },
                            "end": {
                              "line": 19,
                              "column": 15
                            }
                          }
                        },
                        "property": {
                          "type": "Identifier",
                          "start": 455,
                          "end": 466,
                          "loc": {
                            "start": {
                              "line": 19,
                              "column": 16
                            },
                            "end": {
                              "line": 19,
                              "column": 27
                            },
                            "identifierName": "coordinates"
                          },
                          "name": "coordinates"
                        },
                        "computed": false
                      }
                    }
                  ],
                  "directives": [],
                  "trailingComments": null
                },
                "leadingComments": [
                  {
                    "type": "CommentBlock",
                    "value": "*\n   * get an array of coordinates\n   * @return {Array}\n   ",
                    "start": 354,
                    "end": 417,
                    "loc": {
                      "start": {
                        "line": 14,
                        "column": 2
                      },
                      "end": {
                        "line": 17,
                        "column": 5
                      }
                    }
                  }
                ],
                "trailingComments": [
                  {
                    "type": "CommentBlock",
                    "value": "*\n   * get an array of coordinates in JSON\n   * @return {Array}\n   ",
                    "start": 475,
                    "end": 546,
                    "loc": {
                      "start": {
                        "line": 22,
                        "column": 2
                      },
                      "end": {
                        "line": 25,
                        "column": 5
                      }
                    }
                  }
                ]
              },
              {
                "type": "ClassMethod",
                "start": 549,
                "end": 709,
                "loc": {
                  "start": {
                    "line": 26,
                    "column": 2
                  },
                  "end": {
                    "line": 33,
                    "column": 3
                  }
                },
                "static": false,
                "computed": false,
                "key": {
                  "type": "Identifier",
                  "start": 549,
                  "end": 560,
                  "loc": {
                    "start": {
                      "line": 26,
                      "column": 2
                    },
                    "end": {
                      "line": 26,
                      "column": 13
                    },
                    "identifierName": "getJSONList"
                  },
                  "name": "getJSONList",
                  "leadingComments": null
                },
                "kind": "method",
                "id": null,
                "generator": false,
                "expression": false,
                "async": false,
                "params": [],
                "body": {
                  "type": "BlockStatement",
                  "start": 563,
                  "end": 709,
                  "loc": {
                    "start": {
                      "line": 26,
                      "column": 16
                    },
                    "end": {
                      "line": 33,
                      "column": 3
                    }
                  },
                  "body": [
                    {
                      "type": "VariableDeclaration",
                      "start": 569,
                      "end": 585,
                      "loc": {
                        "start": {
                          "line": 27,
                          "column": 4
                        },
                        "end": {
                          "line": 27,
                          "column": 20
                        }
                      },
                      "declarations": [
                        {
                          "type": "VariableDeclarator",
                          "start": 573,
                          "end": 584,
                          "loc": {
                            "start": {
                              "line": 27,
                              "column": 8
                            },
                            "end": {
                              "line": 27,
                              "column": 19
                            }
                          },
                          "id": {
                            "type": "Identifier",
                            "start": 573,
                            "end": 579,
                            "loc": {
                              "start": {
                                "line": 27,
                                "column": 8
                              },
                              "end": {
                                "line": 27,
                                "column": 14
                              },
                              "identifierName": "retVal"
                            },
                            "name": "retVal"
                          },
                          "init": {
                            "type": "ArrayExpression",
                            "start": 582,
                            "end": 584,
                            "loc": {
                              "start": {
                                "line": 27,
                                "column": 17
                              },
                              "end": {
                                "line": 27,
                                "column": 19
                              }
                            },
                            "elements": []
                          }
                        }
                      ],
                      "kind": "let"
                    },
                    {
                      "type": "ExpressionStatement",
                      "start": 590,
                      "end": 602,
                      "loc": {
                        "start": {
                          "line": 28,
                          "column": 4
                        },
                        "end": {
                          "line": 28,
                          "column": 16
                        }
                      },
                      "expression": {
                        "type": "AssignmentExpression",
                        "start": 590,
                        "end": 601,
                        "loc": {
                          "start": {
                            "line": 28,
                            "column": 4
                          },
                          "end": {
                            "line": 28,
                            "column": 15
                          }
                        },
                        "operator": "=",
                        "left": {
                          "type": "Identifier",
                          "start": 590,
                          "end": 596,
                          "loc": {
                            "start": {
                              "line": 28,
                              "column": 4
                            },
                            "end": {
                              "line": 28,
                              "column": 10
                            },
                            "identifierName": "retVal"
                          },
                          "name": "retVal"
                        },
                        "right": {
                          "type": "ArrayExpression",
                          "start": 599,
                          "end": 601,
                          "loc": {
                            "start": {
                              "line": 28,
                              "column": 13
                            },
                            "end": {
                              "line": 28,
                              "column": 15
                            }
                          },
                          "elements": []
                        }
                      }
                    },
                    {
                      "type": "ExpressionStatement",
                      "start": 607,
                      "end": 686,
                      "loc": {
                        "start": {
                          "line": 29,
                          "column": 4
                        },
                        "end": {
                          "line": 31,
                          "column": 7
                        }
                      },
                      "expression": {
                        "type": "CallExpression",
                        "start": 607,
                        "end": 685,
                        "loc": {
                          "start": {
                            "line": 29,
                            "column": 4
                          },
                          "end": {
                            "line": 31,
                            "column": 6
                          }
                        },
                        "callee": {
                          "type": "MemberExpression",
                          "start": 607,
                          "end": 631,
                          "loc": {
                            "start": {
                              "line": 29,
                              "column": 4
                            },
                            "end": {
                              "line": 29,
                              "column": 28
                            }
                          },
                          "object": {
                            "type": "MemberExpression",
                            "start": 607,
                            "end": 623,
                            "loc": {
                              "start": {
                                "line": 29,
                                "column": 4
                              },
                              "end": {
                                "line": 29,
                                "column": 20
                              }
                            },
                            "object": {
                              "type": "ThisExpression",
                              "start": 607,
                              "end": 611,
                              "loc": {
                                "start": {
                                  "line": 29,
                                  "column": 4
                                },
                                "end": {
                                  "line": 29,
                                  "column": 8
                                }
                              }
                            },
                            "property": {
                              "type": "Identifier",
                              "start": 612,
                              "end": 623,
                              "loc": {
                                "start": {
                                  "line": 29,
                                  "column": 9
                                },
                                "end": {
                                  "line": 29,
                                  "column": 20
                                },
                                "identifierName": "coordinates"
                              },
                              "name": "coordinates"
                            },
                            "computed": false
                          },
                          "property": {
                            "type": "Identifier",
                            "start": 624,
                            "end": 631,
                            "loc": {
                              "start": {
                                "line": 29,
                                "column": 21
                              },
                              "end": {
                                "line": 29,
                                "column": 28
                              },
                              "identifierName": "forEach"
                            },
                            "name": "forEach"
                          },
                          "computed": false
                        },
                        "arguments": [
                          {
                            "type": "ArrowFunctionExpression",
                            "start": 632,
                            "end": 684,
                            "loc": {
                              "start": {
                                "line": 29,
                                "column": 29
                              },
                              "end": {
                                "line": 31,
                                "column": 5
                              }
                            },
                            "id": null,
                            "generator": false,
                            "expression": false,
                            "async": false,
                            "params": [
                              {
                                "type": "Identifier",
                                "start": 633,
                                "end": 637,
                                "loc": {
                                  "start": {
                                    "line": 29,
                                    "column": 30
                                  },
                                  "end": {
                                    "line": 29,
                                    "column": 34
                                  },
                                  "identifierName": "item"
                                },
                                "name": "item"
                              }
                            ],
                            "body": {
                              "type": "BlockStatement",
                              "start": 642,
                              "end": 684,
                              "loc": {
                                "start": {
                                  "line": 29,
                                  "column": 39
                                },
                                "end": {
                                  "line": 31,
                                  "column": 5
                                }
                              },
                              "body": [
                                {
                                  "type": "ExpressionStatement",
                                  "start": 650,
                                  "end": 678,
                                  "loc": {
                                    "start": {
                                      "line": 30,
                                      "column": 6
                                    },
                                    "end": {
                                      "line": 30,
                                      "column": 34
                                    }
                                  },
                                  "expression": {
                                    "type": "CallExpression",
                                    "start": 650,
                                    "end": 677,
                                    "loc": {
                                      "start": {
                                        "line": 30,
                                        "column": 6
                                      },
                                      "end": {
                                        "line": 30,
                                        "column": 33
                                      }
                                    },
                                    "callee": {
                                      "type": "MemberExpression",
                                      "start": 650,
                                      "end": 661,
                                      "loc": {
                                        "start": {
                                          "line": 30,
                                          "column": 6
                                        },
                                        "end": {
                                          "line": 30,
                                          "column": 17
                                        }
                                      },
                                      "object": {
                                        "type": "Identifier",
                                        "start": 650,
                                        "end": 656,
                                        "loc": {
                                          "start": {
                                            "line": 30,
                                            "column": 6
                                          },
                                          "end": {
                                            "line": 30,
                                            "column": 12
                                          },
                                          "identifierName": "retVal"
                                        },
                                        "name": "retVal"
                                      },
                                      "property": {
                                        "type": "Identifier",
                                        "start": 657,
                                        "end": 661,
                                        "loc": {
                                          "start": {
                                            "line": 30,
                                            "column": 13
                                          },
                                          "end": {
                                            "line": 30,
                                            "column": 17
                                          },
                                          "identifierName": "push"
                                        },
                                        "name": "push"
                                      },
                                      "computed": false
                                    },
                                    "arguments": [
                                      {
                                        "type": "CallExpression",
                                        "start": 662,
                                        "end": 676,
                                        "loc": {
                                          "start": {
                                            "line": 30,
                                            "column": 18
                                          },
                                          "end": {
                                            "line": 30,
                                            "column": 32
                                          }
                                        },
                                        "callee": {
                                          "type": "MemberExpression",
                                          "start": 662,
                                          "end": 674,
                                          "loc": {
                                            "start": {
                                              "line": 30,
                                              "column": 18
                                            },
                                            "end": {
                                              "line": 30,
                                              "column": 30
                                            }
                                          },
                                          "object": {
                                            "type": "Identifier",
                                            "start": 662,
                                            "end": 666,
                                            "loc": {
                                              "start": {
                                                "line": 30,
                                                "column": 18
                                              },
                                              "end": {
                                                "line": 30,
                                                "column": 22
                                              },
                                              "identifierName": "item"
                                            },
                                            "name": "item"
                                          },
                                          "property": {
                                            "type": "Identifier",
                                            "start": 667,
                                            "end": 674,
                                            "loc": {
                                              "start": {
                                                "line": 30,
                                                "column": 23
                                              },
                                              "end": {
                                                "line": 30,
                                                "column": 30
                                              },
                                              "identifierName": "getJSON"
                                            },
                                            "name": "getJSON"
                                          },
                                          "computed": false
                                        },
                                        "arguments": []
                                      }
                                    ]
                                  }
                                }
                              ],
                              "directives": []
                            }
                          }
                        ]
                      }
                    },
                    {
                      "type": "ReturnStatement",
                      "start": 691,
                      "end": 705,
                      "loc": {
                        "start": {
                          "line": 32,
                          "column": 4
                        },
                        "end": {
                          "line": 32,
                          "column": 18
                        }
                      },
                      "argument": {
                        "type": "Identifier",
                        "start": 698,
                        "end": 704,
                        "loc": {
                          "start": {
                            "line": 32,
                            "column": 11
                          },
                          "end": {
                            "line": 32,
                            "column": 17
                          },
                          "identifierName": "retVal"
                        },
                        "name": "retVal"
                      }
                    }
                  ],
                  "directives": [],
                  "trailingComments": null
                },
                "leadingComments": [
                  {
                    "type": "CommentBlock",
                    "value": "*\n   * get an array of coordinates in JSON\n   * @return {Array}\n   ",
                    "start": 475,
                    "end": 546,
                    "loc": {
                      "start": {
                        "line": 22,
                        "column": 2
                      },
                      "end": {
                        "line": 25,
                        "column": 5
                      }
                    }
                  }
                ],
                "trailingComments": [
                  {
                    "type": "CommentBlock",
                    "value": "*\n   * set the section to\n   * @param {Array} inputCoordinates\n   ",
                    "start": 713,
                    "end": 783,
                    "loc": {
                      "start": {
                        "line": 35,
                        "column": 2
                      },
                      "end": {
                        "line": 38,
                        "column": 5
                      }
                    }
                  }
                ]
              },
              {
                "type": "ClassMethod",
                "start": 786,
                "end": 865,
                "loc": {
                  "start": {
                    "line": 39,
                    "column": 2
                  },
                  "end": {
                    "line": 41,
                    "column": 3
                  }
                },
                "static": false,
                "computed": false,
                "key": {
                  "type": "Identifier",
                  "start": 786,
                  "end": 800,
                  "loc": {
                    "start": {
                      "line": 39,
                      "column": 2
                    },
                    "end": {
                      "line": 39,
                      "column": 16
                    },
                    "identifierName": "setCoordinates"
                  },
                  "name": "setCoordinates",
                  "leadingComments": null
                },
                "kind": "method",
                "id": null,
                "generator": false,
                "expression": false,
                "async": false,
                "params": [
                  {
                    "type": "Identifier",
                    "start": 801,
                    "end": 817,
                    "loc": {
                      "start": {
                        "line": 39,
                        "column": 17
                      },
                      "end": {
                        "line": 39,
                        "column": 33
                      },
                      "identifierName": "inputCoordinates"
                    },
                    "name": "inputCoordinates"
                  }
                ],
                "body": {
                  "type": "BlockStatement",
                  "start": 819,
                  "end": 865,
                  "loc": {
                    "start": {
                      "line": 39,
                      "column": 35
                    },
                    "end": {
                      "line": 41,
                      "column": 3
                    }
                  },
                  "body": [
                    {
                      "type": "ExpressionStatement",
                      "start": 825,
                      "end": 861,
                      "loc": {
                        "start": {
                          "line": 40,
                          "column": 4
                        },
                        "end": {
                          "line": 40,
                          "column": 40
                        }
                      },
                      "expression": {
                        "type": "AssignmentExpression",
                        "start": 825,
                        "end": 860,
                        "loc": {
                          "start": {
                            "line": 40,
                            "column": 4
                          },
                          "end": {
                            "line": 40,
                            "column": 39
                          }
                        },
                        "operator": "=",
                        "left": {
                          "type": "MemberExpression",
                          "start": 825,
                          "end": 841,
                          "loc": {
                            "start": {
                              "line": 40,
                              "column": 4
                            },
                            "end": {
                              "line": 40,
                              "column": 20
                            }
                          },
                          "object": {
                            "type": "ThisExpression",
                            "start": 825,
                            "end": 829,
                            "loc": {
                              "start": {
                                "line": 40,
                                "column": 4
                              },
                              "end": {
                                "line": 40,
                                "column": 8
                              }
                            }
                          },
                          "property": {
                            "type": "Identifier",
                            "start": 830,
                            "end": 841,
                            "loc": {
                              "start": {
                                "line": 40,
                                "column": 9
                              },
                              "end": {
                                "line": 40,
                                "column": 20
                              },
                              "identifierName": "coordinates"
                            },
                            "name": "coordinates"
                          },
                          "computed": false
                        },
                        "right": {
                          "type": "Identifier",
                          "start": 844,
                          "end": 860,
                          "loc": {
                            "start": {
                              "line": 40,
                              "column": 23
                            },
                            "end": {
                              "line": 40,
                              "column": 39
                            },
                            "identifierName": "inputCoordinates"
                          },
                          "name": "inputCoordinates"
                        }
                      }
                    }
                  ],
                  "directives": []
                },
                "leadingComments": [
                  {
                    "type": "CommentBlock",
                    "value": "*\n   * set the section to\n   * @param {Array} inputCoordinates\n   ",
                    "start": 713,
                    "end": 783,
                    "loc": {
                      "start": {
                        "line": 35,
                        "column": 2
                      },
                      "end": {
                        "line": 38,
                        "column": 5
                      }
                    }
                  }
                ]
              }
            ]
          },
          "leadingComments": [
            {
              "type": "CommentBlock",
              "value": "*\n * model to save a list of coordinates representing a section of the pedway\n * the whole pedway is represented with a list of PedwaySections\n ",
              "start": 0,
              "end": 148,
              "loc": {
                "start": {
                  "line": 1,
                  "column": 0
                },
                "end": {
                  "line": 4,
                  "column": 3
                }
              }
            }
          ],
          "trailingComments": []
        },
        "leadingComments": [
          {
            "type": "CommentBlock",
            "value": "*\n * model to save a list of coordinates representing a section of the pedway\n * the whole pedway is represented with a list of PedwaySections\n ",
            "start": 0,
            "end": 148,
            "loc": {
              "start": {
                "line": 1,
                "column": 0
              },
              "end": {
                "line": 4,
                "column": 3
              }
            }
          }
        ]
      }
    ],
    "directives": []
  },
  "comments": [
    {
      "type": "CommentBlock",
      "value": "*\n * model to save a list of coordinates representing a section of the pedway\n * the whole pedway is represented with a list of PedwaySections\n ",
      "start": 0,
      "end": 148,
      "loc": {
        "start": {
          "line": 1,
          "column": 0
        },
        "end": {
          "line": 4,
          "column": 3
        }
      }
    },
    {
      "type": "CommentBlock",
      "value": "*\n   * constructor for this class\n   * @param {Array} inputCoordinates\n   ",
      "start": 188,
      "end": 266,
      "loc": {
        "start": {
          "line": 6,
          "column": 2
        },
        "end": {
          "line": 9,
          "column": 5
        }
      }
    },
    {
      "type": "CommentBlock",
      "value": "*\n   * get an array of coordinates\n   * @return {Array}\n   ",
      "start": 354,
      "end": 417,
      "loc": {
        "start": {
          "line": 14,
          "column": 2
        },
        "end": {
          "line": 17,
          "column": 5
        }
      }
    },
    {
      "type": "CommentBlock",
      "value": "*\n   * get an array of coordinates in JSON\n   * @return {Array}\n   ",
      "start": 475,
      "end": 546,
      "loc": {
        "start": {
          "line": 22,
          "column": 2
        },
        "end": {
          "line": 25,
          "column": 5
        }
      }
    },
    {
      "type": "CommentBlock",
      "value": "*\n   * set the section to\n   * @param {Array} inputCoordinates\n   ",
      "start": 713,
      "end": 783,
      "loc": {
        "start": {
          "line": 35,
          "column": 2
        },
        "end": {
          "line": 38,
          "column": 5
        }
      }
    }
  ],
  "tokens": [
    {
      "type": "CommentBlock",
      "value": "*\n * model to save a list of coordinates representing a section of the pedway\n * the whole pedway is represented with a list of PedwaySections\n ",
      "start": 0,
      "end": 148,
      "loc": {
        "start": {
          "line": 1,
          "column": 0
        },
        "end": {
          "line": 4,
          "column": 3
        }
      }
    },
    {
      "type": {
        "label": "export",
        "keyword": "export",
        "beforeExpr": false,
        "startsExpr": false,
        "rightAssociative": false,
        "isLoop": false,
        "isAssign": false,
        "prefix": false,
        "postfix": false,
        "binop": null,
        "updateContext": null
      },
      "value": "export",
      "start": 149,
      "end": 155,
      "loc": {
        "start": {
          "line": 5,
          "column": 0
        },
        "end": {
          "line": 5,
          "column": 6
        }
      }
    },
    {
      "type": {
        "label": "default",
        "keyword": "default",
        "beforeExpr": true,
        "startsExpr": false,
        "rightAssociative": false,
        "isLoop": false,
        "isAssign": false,
        "prefix": false,
        "postfix": false,
        "binop": null,
        "updateContext": null
      },
      "value": "default",
      "start": 156,
      "end": 163,
      "loc": {
        "start": {
          "line": 5,
          "column": 7
        },
        "end": {
          "line": 5,
          "column": 14
        }
      }
    },
    {
      "type": {
        "label": "class",
        "keyword": "class",
        "beforeExpr": false,
        "startsExpr": false,
        "rightAssociative": false,
        "isLoop": false,
        "isAssign": false,
        "prefix": false,
        "postfix": false,
        "binop": null,
        "updateContext": null
      },
      "value": "class",
      "start": 164,
      "end": 169,
      "loc": {
        "start": {
          "line": 5,
          "column": 15
        },
        "end": {
          "line": 5,
          "column": 20
        }
      }
    },
    {
      "type": {
        "label": "name",
        "beforeExpr": false,
        "startsExpr": true,
        "rightAssociative": false,
        "isLoop": false,
        "isAssign": false,
        "prefix": false,
        "postfix": false,
        "binop": null
      },
      "value": "PedwaySection",
      "start": 170,
      "end": 183,
      "loc": {
        "start": {
          "line": 5,
          "column": 21
        },
        "end": {
          "line": 5,
          "column": 34
        }
      }
    },
    {
      "type": {
        "label": "{",
        "beforeExpr": true,
        "startsExpr": true,
        "rightAssociative": false,
        "isLoop": false,
        "isAssign": false,
        "prefix": false,
        "postfix": false,
        "binop": null
      },
      "start": 184,
      "end": 185,
      "loc": {
        "start": {
          "line": 5,
          "column": 35
        },
        "end": {
          "line": 5,
          "column": 36
        }
      }
    },
    {
      "type": "CommentBlock",
      "value": "*\n   * constructor for this class\n   * @param {Array} inputCoordinates\n   ",
      "start": 188,
      "end": 266,
      "loc": {
        "start": {
          "line": 6,
          "column": 2
        },
        "end": {
          "line": 9,
          "column": 5
        }
      }
    },
    {
      "type": {
        "label": "name",
        "beforeExpr": false,
        "startsExpr": true,
        "rightAssociative": false,
        "isLoop": false,
        "isAssign": false,
        "prefix": false,
        "postfix": false,
        "binop": null
      },
      "value": "constructor",
      "start": 269,
      "end": 280,
      "loc": {
        "start": {
          "line": 10,
          "column": 2
        },
        "end": {
          "line": 10,
          "column": 13
        }
      }
    },
    {
      "type": {
        "label": "(",
        "beforeExpr": true,
        "startsExpr": true,
        "rightAssociative": false,
        "isLoop": false,
        "isAssign": false,
        "prefix": false,
        "postfix": false,
        "binop": null
      },
      "start": 280,
      "end": 281,
      "loc": {
        "start": {
          "line": 10,
          "column": 13
        },
        "end": {
          "line": 10,
          "column": 14
        }
      }
    },
    {
      "type": {
        "label": "name",
        "beforeExpr": false,
        "startsExpr": true,
        "rightAssociative": false,
        "isLoop": false,
        "isAssign": false,
        "prefix": false,
        "postfix": false,
        "binop": null
      },
      "value": "inputCoordinates",
      "start": 281,
      "end": 297,
      "loc": {
        "start": {
          "line": 10,
          "column": 14
        },
        "end": {
          "line": 10,
          "column": 30
        }
      }
    },
    {
      "type": {
        "label": "=",
        "beforeExpr": true,
        "startsExpr": false,
        "rightAssociative": false,
        "isLoop": false,
        "isAssign": true,
        "prefix": false,
        "postfix": false,
        "binop": null,
        "updateContext": null
      },
      "value": "=",
      "start": 298,
      "end": 299,
      "loc": {
        "start": {
          "line": 10,
          "column": 31
        },
        "end": {
          "line": 10,
          "column": 32
        }
      }
    },
    {
      "type": {
        "label": "[",
        "beforeExpr": true,
        "startsExpr": true,
        "rightAssociative": false,
        "isLoop": false,
        "isAssign": false,
        "prefix": false,
        "postfix": false,
        "binop": null,
        "updateContext": null
      },
      "start": 300,
      "end": 301,
      "loc": {
        "start": {
          "line": 10,
          "column": 33
        },
        "end": {
          "line": 10,
          "column": 34
        }
      }
    },
    {
      "type": {
        "label": "]",
        "beforeExpr": false,
        "startsExpr": false,
        "rightAssociative": false,
        "isLoop": false,
        "isAssign": false,
        "prefix": false,
        "postfix": false,
        "binop": null,
        "updateContext": null
      },
      "start": 301,
      "end": 302,
      "loc": {
        "start": {
          "line": 10,
          "column": 34
        },
        "end": {
          "line": 10,
          "column": 35
        }
      }
    },
    {
      "type": {
        "label": ")",
        "beforeExpr": false,
        "startsExpr": false,
        "rightAssociative": false,
        "isLoop": false,
        "isAssign": false,
        "prefix": false,
        "postfix": false,
        "binop": null
      },
      "start": 302,
      "end": 303,
      "loc": {
        "start": {
          "line": 10,
          "column": 35
        },
        "end": {
          "line": 10,
          "column": 36
        }
      }
    },
    {
      "type": {
        "label": "{",
        "beforeExpr": true,
        "startsExpr": true,
        "rightAssociative": false,
        "isLoop": false,
        "isAssign": false,
        "prefix": false,
        "postfix": false,
        "binop": null
      },
      "start": 304,
      "end": 305,
      "loc": {
        "start": {
          "line": 10,
          "column": 37
        },
        "end": {
          "line": 10,
          "column": 38
        }
      }
    },
    {
      "type": {
        "label": "this",
        "keyword": "this",
        "beforeExpr": false,
        "startsExpr": true,
        "rightAssociative": false,
        "isLoop": false,
        "isAssign": false,
        "prefix": false,
        "postfix": false,
        "binop": null,
        "updateContext": null
      },
      "value": "this",
      "start": 310,
      "end": 314,
      "loc": {
        "start": {
          "line": 11,
          "column": 4
        },
        "end": {
          "line": 11,
          "column": 8
        }
      }
    },
    {
      "type": {
        "label": ".",
        "beforeExpr": false,
        "startsExpr": false,
        "rightAssociative": false,
        "isLoop": false,
        "isAssign": false,
        "prefix": false,
        "postfix": false,
        "binop": null,
        "updateContext": null
      },
      "start": 314,
      "end": 315,
      "loc": {
        "start": {
          "line": 11,
          "column": 8
        },
        "end": {
          "line": 11,
          "column": 9
        }
      }
    },
    {
      "type": {
        "label": "name",
        "beforeExpr": false,
        "startsExpr": true,
        "rightAssociative": false,
        "isLoop": false,
        "isAssign": false,
        "prefix": false,
        "postfix": false,
        "binop": null
      },
      "value": "coordinates",
      "start": 315,
      "end": 326,
      "loc": {
        "start": {
          "line": 11,
          "column": 9
        },
        "end": {
          "line": 11,
          "column": 20
        }
      }
    },
    {
      "type": {
        "label": "=",
        "beforeExpr": true,
        "startsExpr": false,
        "rightAssociative": false,
        "isLoop": false,
        "isAssign": true,
        "prefix": false,
        "postfix": false,
        "binop": null,
        "updateContext": null
      },
      "value": "=",
      "start": 327,
      "end": 328,
      "loc": {
        "start": {
          "line": 11,
          "column": 21
        },
        "end": {
          "line": 11,
          "column": 22
        }
      }
    },
    {
      "type": {
        "label": "name",
        "beforeExpr": false,
        "startsExpr": true,
        "rightAssociative": false,
        "isLoop": false,
        "isAssign": false,
        "prefix": false,
        "postfix": false,
        "binop": null
      },
      "value": "inputCoordinates",
      "start": 329,
      "end": 345,
      "loc": {
        "start": {
          "line": 11,
          "column": 23
        },
        "end": {
          "line": 11,
          "column": 39
        }
      }
    },
    {
      "type": {
        "label": ";",
        "beforeExpr": true,
        "startsExpr": false,
        "rightAssociative": false,
        "isLoop": false,
        "isAssign": false,
        "prefix": false,
        "postfix": false,
        "binop": null,
        "updateContext": null
      },
      "start": 345,
      "end": 346,
      "loc": {
        "start": {
          "line": 11,
          "column": 39
        },
        "end": {
          "line": 11,
          "column": 40
        }
      }
    },
    {
      "type": {
        "label": "}",
        "beforeExpr": false,
        "startsExpr": false,
        "rightAssociative": false,
        "isLoop": false,
        "isAssign": false,
        "prefix": false,
        "postfix": false,
        "binop": null
      },
      "start": 349,
      "end": 350,
      "loc": {
        "start": {
          "line": 12,
          "column": 2
        },
        "end": {
          "line": 12,
          "column": 3
        }
      }
    },
    {
      "type": "CommentBlock",
      "value": "*\n   * get an array of coordinates\n   * @return {Array}\n   ",
      "start": 354,
      "end": 417,
      "loc": {
        "start": {
          "line": 14,
          "column": 2
        },
        "end": {
          "line": 17,
          "column": 5
        }
      }
    },
    {
      "type": {
        "label": "name",
        "beforeExpr": false,
        "startsExpr": true,
        "rightAssociative": false,
        "isLoop": false,
        "isAssign": false,
        "prefix": false,
        "postfix": false,
        "binop": null
      },
      "value": "getCoordinates",
      "start": 420,
      "end": 434,
      "loc": {
        "start": {
          "line": 18,
          "column": 2
        },
        "end": {
          "line": 18,
          "column": 16
        }
      }
    },
    {
      "type": {
        "label": "(",
        "beforeExpr": true,
        "startsExpr": true,
        "rightAssociative": false,
        "isLoop": false,
        "isAssign": false,
        "prefix": false,
        "postfix": false,
        "binop": null
      },
      "start": 434,
      "end": 435,
      "loc": {
        "start": {
          "line": 18,
          "column": 16
        },
        "end": {
          "line": 18,
          "column": 17
        }
      }
    },
    {
      "type": {
        "label": ")",
        "beforeExpr": false,
        "startsExpr": false,
        "rightAssociative": false,
        "isLoop": false,
        "isAssign": false,
        "prefix": false,
        "postfix": false,
        "binop": null
      },
      "start": 435,
      "end": 436,
      "loc": {
        "start": {
          "line": 18,
          "column": 17
        },
        "end": {
          "line": 18,
          "column": 18
        }
      }
    },
    {
      "type": {
        "label": "{",
        "beforeExpr": true,
        "startsExpr": true,
        "rightAssociative": false,
        "isLoop": false,
        "isAssign": false,
        "prefix": false,
        "postfix": false,
        "binop": null
      },
      "start": 437,
      "end": 438,
      "loc": {
        "start": {
          "line": 18,
          "column": 19
        },
        "end": {
          "line": 18,
          "column": 20
        }
      }
    },
    {
      "type": {
        "label": "return",
        "keyword": "return",
        "beforeExpr": true,
        "startsExpr": false,
        "rightAssociative": false,
        "isLoop": false,
        "isAssign": false,
        "prefix": false,
        "postfix": false,
        "binop": null,
        "updateContext": null
      },
      "value": "return",
      "start": 443,
      "end": 449,
      "loc": {
        "start": {
          "line": 19,
          "column": 4
        },
        "end": {
          "line": 19,
          "column": 10
        }
      }
    },
    {
      "type": {
        "label": "this",
        "keyword": "this",
        "beforeExpr": false,
        "startsExpr": true,
        "rightAssociative": false,
        "isLoop": false,
        "isAssign": false,
        "prefix": false,
        "postfix": false,
        "binop": null,
        "updateContext": null
      },
      "value": "this",
      "start": 450,
      "end": 454,
      "loc": {
        "start": {
          "line": 19,
          "column": 11
        },
        "end": {
          "line": 19,
          "column": 15
        }
      }
    },
    {
      "type": {
        "label": ".",
        "beforeExpr": false,
        "startsExpr": false,
        "rightAssociative": false,
        "isLoop": false,
        "isAssign": false,
        "prefix": false,
        "postfix": false,
        "binop": null,
        "updateContext": null
      },
      "start": 454,
      "end": 455,
      "loc": {
        "start": {
          "line": 19,
          "column": 15
        },
        "end": {
          "line": 19,
          "column": 16
        }
      }
    },
    {
      "type": {
        "label": "name",
        "beforeExpr": false,
        "startsExpr": true,
        "rightAssociative": false,
        "isLoop": false,
        "isAssign": false,
        "prefix": false,
        "postfix": false,
        "binop": null
      },
      "value": "coordinates",
      "start": 455,
      "end": 466,
      "loc": {
        "start": {
          "line": 19,
          "column": 16
        },
        "end": {
          "line": 19,
          "column": 27
        }
      }
    },
    {
      "type": {
        "label": ";",
        "beforeExpr": true,
        "startsExpr": false,
        "rightAssociative": false,
        "isLoop": false,
        "isAssign": false,
        "prefix": false,
        "postfix": false,
        "binop": null,
        "updateContext": null
      },
      "start": 466,
      "end": 467,
      "loc": {
        "start": {
          "line": 19,
          "column": 27
        },
        "end": {
          "line": 19,
          "column": 28
        }
      }
    },
    {
      "type": {
        "label": "}",
        "beforeExpr": false,
        "startsExpr": false,
        "rightAssociative": false,
        "isLoop": false,
        "isAssign": false,
        "prefix": false,
        "postfix": false,
        "binop": null
      },
      "start": 470,
      "end": 471,
      "loc": {
        "start": {
          "line": 20,
          "column": 2
        },
        "end": {
          "line": 20,
          "column": 3
        }
      }
    },
    {
      "type": "CommentBlock",
      "value": "*\n   * get an array of coordinates in JSON\n   * @return {Array}\n   ",
      "start": 475,
      "end": 546,
      "loc": {
        "start": {
          "line": 22,
          "column": 2
        },
        "end": {
          "line": 25,
          "column": 5
        }
      }
    },
    {
      "type": {
        "label": "name",
        "beforeExpr": false,
        "startsExpr": true,
        "rightAssociative": false,
        "isLoop": false,
        "isAssign": false,
        "prefix": false,
        "postfix": false,
        "binop": null
      },
      "value": "getJSONList",
      "start": 549,
      "end": 560,
      "loc": {
        "start": {
          "line": 26,
          "column": 2
        },
        "end": {
          "line": 26,
          "column": 13
        }
      }
    },
    {
      "type": {
        "label": "(",
        "beforeExpr": true,
        "startsExpr": true,
        "rightAssociative": false,
        "isLoop": false,
        "isAssign": false,
        "prefix": false,
        "postfix": false,
        "binop": null
      },
      "start": 560,
      "end": 561,
      "loc": {
        "start": {
          "line": 26,
          "column": 13
        },
        "end": {
          "line": 26,
          "column": 14
        }
      }
    },
    {
      "type": {
        "label": ")",
        "beforeExpr": false,
        "startsExpr": false,
        "rightAssociative": false,
        "isLoop": false,
        "isAssign": false,
        "prefix": false,
        "postfix": false,
        "binop": null
      },
      "start": 561,
      "end": 562,
      "loc": {
        "start": {
          "line": 26,
          "column": 14
        },
        "end": {
          "line": 26,
          "column": 15
        }
      }
    },
    {
      "type": {
        "label": "{",
        "beforeExpr": true,
        "startsExpr": true,
        "rightAssociative": false,
        "isLoop": false,
        "isAssign": false,
        "prefix": false,
        "postfix": false,
        "binop": null
      },
      "start": 563,
      "end": 564,
      "loc": {
        "start": {
          "line": 26,
          "column": 16
        },
        "end": {
          "line": 26,
          "column": 17
        }
      }
    },
    {
      "type": {
        "label": "let",
        "keyword": "let",
        "beforeExpr": false,
        "startsExpr": false,
        "rightAssociative": false,
        "isLoop": false,
        "isAssign": false,
        "prefix": false,
        "postfix": false,
        "binop": null,
        "updateContext": null
      },
      "value": "let",
      "start": 569,
      "end": 572,
      "loc": {
        "start": {
          "line": 27,
          "column": 4
        },
        "end": {
          "line": 27,
          "column": 7
        }
      }
    },
    {
      "type": {
        "label": "name",
        "beforeExpr": false,
        "startsExpr": true,
        "rightAssociative": false,
        "isLoop": false,
        "isAssign": false,
        "prefix": false,
        "postfix": false,
        "binop": null
      },
      "value": "retVal",
      "start": 573,
      "end": 579,
      "loc": {
        "start": {
          "line": 27,
          "column": 8
        },
        "end": {
          "line": 27,
          "column": 14
        }
      }
    },
    {
      "type": {
        "label": "=",
        "beforeExpr": true,
        "startsExpr": false,
        "rightAssociative": false,
        "isLoop": false,
        "isAssign": true,
        "prefix": false,
        "postfix": false,
        "binop": null,
        "updateContext": null
      },
      "value": "=",
      "start": 580,
      "end": 581,
      "loc": {
        "start": {
          "line": 27,
          "column": 15
        },
        "end": {
          "line": 27,
          "column": 16
        }
      }
    },
    {
      "type": {
        "label": "[",
        "beforeExpr": true,
        "startsExpr": true,
        "rightAssociative": false,
        "isLoop": false,
        "isAssign": false,
        "prefix": false,
        "postfix": false,
        "binop": null,
        "updateContext": null
      },
      "start": 582,
      "end": 583,
      "loc": {
        "start": {
          "line": 27,
          "column": 17
        },
        "end": {
          "line": 27,
          "column": 18
        }
      }
    },
    {
      "type": {
        "label": "]",
        "beforeExpr": false,
        "startsExpr": false,
        "rightAssociative": false,
        "isLoop": false,
        "isAssign": false,
        "prefix": false,
        "postfix": false,
        "binop": null,
        "updateContext": null
      },
      "start": 583,
      "end": 584,
      "loc": {
        "start": {
          "line": 27,
          "column": 18
        },
        "end": {
          "line": 27,
          "column": 19
        }
      }
    },
    {
      "type": {
        "label": ";",
        "beforeExpr": true,
        "startsExpr": false,
        "rightAssociative": false,
        "isLoop": false,
        "isAssign": false,
        "prefix": false,
        "postfix": false,
        "binop": null,
        "updateContext": null
      },
      "start": 584,
      "end": 585,
      "loc": {
        "start": {
          "line": 27,
          "column": 19
        },
        "end": {
          "line": 27,
          "column": 20
        }
      }
    },
    {
      "type": {
        "label": "name",
        "beforeExpr": false,
        "startsExpr": true,
        "rightAssociative": false,
        "isLoop": false,
        "isAssign": false,
        "prefix": false,
        "postfix": false,
        "binop": null
      },
      "value": "retVal",
      "start": 590,
      "end": 596,
      "loc": {
        "start": {
          "line": 28,
          "column": 4
        },
        "end": {
          "line": 28,
          "column": 10
        }
      }
    },
    {
      "type": {
        "label": "=",
        "beforeExpr": true,
        "startsExpr": false,
        "rightAssociative": false,
        "isLoop": false,
        "isAssign": true,
        "prefix": false,
        "postfix": false,
        "binop": null,
        "updateContext": null
      },
      "value": "=",
      "start": 597,
      "end": 598,
      "loc": {
        "start": {
          "line": 28,
          "column": 11
        },
        "end": {
          "line": 28,
          "column": 12
        }
      }
    },
    {
      "type": {
        "label": "[",
        "beforeExpr": true,
        "startsExpr": true,
        "rightAssociative": false,
        "isLoop": false,
        "isAssign": false,
        "prefix": false,
        "postfix": false,
        "binop": null,
        "updateContext": null
      },
      "start": 599,
      "end": 600,
      "loc": {
        "start": {
          "line": 28,
          "column": 13
        },
        "end": {
          "line": 28,
          "column": 14
        }
      }
    },
    {
      "type": {
        "label": "]",
        "beforeExpr": false,
        "startsExpr": false,
        "rightAssociative": false,
        "isLoop": false,
        "isAssign": false,
        "prefix": false,
        "postfix": false,
        "binop": null,
        "updateContext": null
      },
      "start": 600,
      "end": 601,
      "loc": {
        "start": {
          "line": 28,
          "column": 14
        },
        "end": {
          "line": 28,
          "column": 15
        }
      }
    },
    {
      "type": {
        "label": ";",
        "beforeExpr": true,
        "startsExpr": false,
        "rightAssociative": false,
        "isLoop": false,
        "isAssign": false,
        "prefix": false,
        "postfix": false,
        "binop": null,
        "updateContext": null
      },
      "start": 601,
      "end": 602,
      "loc": {
        "start": {
          "line": 28,
          "column": 15
        },
        "end": {
          "line": 28,
          "column": 16
        }
      }
    },
    {
      "type": {
        "label": "this",
        "keyword": "this",
        "beforeExpr": false,
        "startsExpr": true,
        "rightAssociative": false,
        "isLoop": false,
        "isAssign": false,
        "prefix": false,
        "postfix": false,
        "binop": null,
        "updateContext": null
      },
      "value": "this",
      "start": 607,
      "end": 611,
      "loc": {
        "start": {
          "line": 29,
          "column": 4
        },
        "end": {
          "line": 29,
          "column": 8
        }
      }
    },
    {
      "type": {
        "label": ".",
        "beforeExpr": false,
        "startsExpr": false,
        "rightAssociative": false,
        "isLoop": false,
        "isAssign": false,
        "prefix": false,
        "postfix": false,
        "binop": null,
        "updateContext": null
      },
      "start": 611,
      "end": 612,
      "loc": {
        "start": {
          "line": 29,
          "column": 8
        },
        "end": {
          "line": 29,
          "column": 9
        }
      }
    },
    {
      "type": {
        "label": "name",
        "beforeExpr": false,
        "startsExpr": true,
        "rightAssociative": false,
        "isLoop": false,
        "isAssign": false,
        "prefix": false,
        "postfix": false,
        "binop": null
      },
      "value": "coordinates",
      "start": 612,
      "end": 623,
      "loc": {
        "start": {
          "line": 29,
          "column": 9
        },
        "end": {
          "line": 29,
          "column": 20
        }
      }
    },
    {
      "type": {
        "label": ".",
        "beforeExpr": false,
        "startsExpr": false,
        "rightAssociative": false,
        "isLoop": false,
        "isAssign": false,
        "prefix": false,
        "postfix": false,
        "binop": null,
        "updateContext": null
      },
      "start": 623,
      "end": 624,
      "loc": {
        "start": {
          "line": 29,
          "column": 20
        },
        "end": {
          "line": 29,
          "column": 21
        }
      }
    },
    {
      "type": {
        "label": "name",
        "beforeExpr": false,
        "startsExpr": true,
        "rightAssociative": false,
        "isLoop": false,
        "isAssign": false,
        "prefix": false,
        "postfix": false,
        "binop": null
      },
      "value": "forEach",
      "start": 624,
      "end": 631,
      "loc": {
        "start": {
          "line": 29,
          "column": 21
        },
        "end": {
          "line": 29,
          "column": 28
        }
      }
    },
    {
      "type": {
        "label": "(",
        "beforeExpr": true,
        "startsExpr": true,
        "rightAssociative": false,
        "isLoop": false,
        "isAssign": false,
        "prefix": false,
        "postfix": false,
        "binop": null
      },
      "start": 631,
      "end": 632,
      "loc": {
        "start": {
          "line": 29,
          "column": 28
        },
        "end": {
          "line": 29,
          "column": 29
        }
      }
    },
    {
      "type": {
        "label": "(",
        "beforeExpr": true,
        "startsExpr": true,
        "rightAssociative": false,
        "isLoop": false,
        "isAssign": false,
        "prefix": false,
        "postfix": false,
        "binop": null
      },
      "start": 632,
      "end": 633,
      "loc": {
        "start": {
          "line": 29,
          "column": 29
        },
        "end": {
          "line": 29,
          "column": 30
        }
      }
    },
    {
      "type": {
        "label": "name",
        "beforeExpr": false,
        "startsExpr": true,
        "rightAssociative": false,
        "isLoop": false,
        "isAssign": false,
        "prefix": false,
        "postfix": false,
        "binop": null
      },
      "value": "item",
      "start": 633,
      "end": 637,
      "loc": {
        "start": {
          "line": 29,
          "column": 30
        },
        "end": {
          "line": 29,
          "column": 34
        }
      }
    },
    {
      "type": {
        "label": ")",
        "beforeExpr": false,
        "startsExpr": false,
        "rightAssociative": false,
        "isLoop": false,
        "isAssign": false,
        "prefix": false,
        "postfix": false,
        "binop": null
      },
      "start": 637,
      "end": 638,
      "loc": {
        "start": {
          "line": 29,
          "column": 34
        },
        "end": {
          "line": 29,
          "column": 35
        }
      }
    },
    {
      "type": {
        "label": "=>",
        "beforeExpr": true,
        "startsExpr": false,
        "rightAssociative": false,
        "isLoop": false,
        "isAssign": false,
        "prefix": false,
        "postfix": false,
        "binop": null,
        "updateContext": null
      },
      "start": 639,
      "end": 641,
      "loc": {
        "start": {
          "line": 29,
          "column": 36
        },
        "end": {
          "line": 29,
          "column": 38
        }
      }
    },
    {
      "type": {
        "label": "{",
        "beforeExpr": true,
        "startsExpr": true,
        "rightAssociative": false,
        "isLoop": false,
        "isAssign": false,
        "prefix": false,
        "postfix": false,
        "binop": null
      },
      "start": 642,
      "end": 643,
      "loc": {
        "start": {
          "line": 29,
          "column": 39
        },
        "end": {
          "line": 29,
          "column": 40
        }
      }
    },
    {
      "type": {
        "label": "name",
        "beforeExpr": false,
        "startsExpr": true,
        "rightAssociative": false,
        "isLoop": false,
        "isAssign": false,
        "prefix": false,
        "postfix": false,
        "binop": null
      },
      "value": "retVal",
      "start": 650,
      "end": 656,
      "loc": {
        "start": {
          "line": 30,
          "column": 6
        },
        "end": {
          "line": 30,
          "column": 12
        }
      }
    },
    {
      "type": {
        "label": ".",
        "beforeExpr": false,
        "startsExpr": false,
        "rightAssociative": false,
        "isLoop": false,
        "isAssign": false,
        "prefix": false,
        "postfix": false,
        "binop": null,
        "updateContext": null
      },
      "start": 656,
      "end": 657,
      "loc": {
        "start": {
          "line": 30,
          "column": 12
        },
        "end": {
          "line": 30,
          "column": 13
        }
      }
    },
    {
      "type": {
        "label": "name",
        "beforeExpr": false,
        "startsExpr": true,
        "rightAssociative": false,
        "isLoop": false,
        "isAssign": false,
        "prefix": false,
        "postfix": false,
        "binop": null
      },
      "value": "push",
      "start": 657,
      "end": 661,
      "loc": {
        "start": {
          "line": 30,
          "column": 13
        },
        "end": {
          "line": 30,
          "column": 17
        }
      }
    },
    {
      "type": {
        "label": "(",
        "beforeExpr": true,
        "startsExpr": true,
        "rightAssociative": false,
        "isLoop": false,
        "isAssign": false,
        "prefix": false,
        "postfix": false,
        "binop": null
      },
      "start": 661,
      "end": 662,
      "loc": {
        "start": {
          "line": 30,
          "column": 17
        },
        "end": {
          "line": 30,
          "column": 18
        }
      }
    },
    {
      "type": {
        "label": "name",
        "beforeExpr": false,
        "startsExpr": true,
        "rightAssociative": false,
        "isLoop": false,
        "isAssign": false,
        "prefix": false,
        "postfix": false,
        "binop": null
      },
      "value": "item",
      "start": 662,
      "end": 666,
      "loc": {
        "start": {
          "line": 30,
          "column": 18
        },
        "end": {
          "line": 30,
          "column": 22
        }
      }
    },
    {
      "type": {
        "label": ".",
        "beforeExpr": false,
        "startsExpr": false,
        "rightAssociative": false,
        "isLoop": false,
        "isAssign": false,
        "prefix": false,
        "postfix": false,
        "binop": null,
        "updateContext": null
      },
      "start": 666,
      "end": 667,
      "loc": {
        "start": {
          "line": 30,
          "column": 22
        },
        "end": {
          "line": 30,
          "column": 23
        }
      }
    },
    {
      "type": {
        "label": "name",
        "beforeExpr": false,
        "startsExpr": true,
        "rightAssociative": false,
        "isLoop": false,
        "isAssign": false,
        "prefix": false,
        "postfix": false,
        "binop": null
      },
      "value": "getJSON",
      "start": 667,
      "end": 674,
      "loc": {
        "start": {
          "line": 30,
          "column": 23
        },
        "end": {
          "line": 30,
          "column": 30
        }
      }
    },
    {
      "type": {
        "label": "(",
        "beforeExpr": true,
        "startsExpr": true,
        "rightAssociative": false,
        "isLoop": false,
        "isAssign": false,
        "prefix": false,
        "postfix": false,
        "binop": null
      },
      "start": 674,
      "end": 675,
      "loc": {
        "start": {
          "line": 30,
          "column": 30
        },
        "end": {
          "line": 30,
          "column": 31
        }
      }
    },
    {
      "type": {
        "label": ")",
        "beforeExpr": false,
        "startsExpr": false,
        "rightAssociative": false,
        "isLoop": false,
        "isAssign": false,
        "prefix": false,
        "postfix": false,
        "binop": null
      },
      "start": 675,
      "end": 676,
      "loc": {
        "start": {
          "line": 30,
          "column": 31
        },
        "end": {
          "line": 30,
          "column": 32
        }
      }
    },
    {
      "type": {
        "label": ")",
        "beforeExpr": false,
        "startsExpr": false,
        "rightAssociative": false,
        "isLoop": false,
        "isAssign": false,
        "prefix": false,
        "postfix": false,
        "binop": null
      },
      "start": 676,
      "end": 677,
      "loc": {
        "start": {
          "line": 30,
          "column": 32
        },
        "end": {
          "line": 30,
          "column": 33
        }
      }
    },
    {
      "type": {
        "label": ";",
        "beforeExpr": true,
        "startsExpr": false,
        "rightAssociative": false,
        "isLoop": false,
        "isAssign": false,
        "prefix": false,
        "postfix": false,
        "binop": null,
        "updateContext": null
      },
      "start": 677,
      "end": 678,
      "loc": {
        "start": {
          "line": 30,
          "column": 33
        },
        "end": {
          "line": 30,
          "column": 34
        }
      }
    },
    {
      "type": {
        "label": "}",
        "beforeExpr": false,
        "startsExpr": false,
        "rightAssociative": false,
        "isLoop": false,
        "isAssign": false,
        "prefix": false,
        "postfix": false,
        "binop": null
      },
      "start": 683,
      "end": 684,
      "loc": {
        "start": {
          "line": 31,
          "column": 4
        },
        "end": {
          "line": 31,
          "column": 5
        }
      }
    },
    {
      "type": {
        "label": ")",
        "beforeExpr": false,
        "startsExpr": false,
        "rightAssociative": false,
        "isLoop": false,
        "isAssign": false,
        "prefix": false,
        "postfix": false,
        "binop": null
      },
      "start": 684,
      "end": 685,
      "loc": {
        "start": {
          "line": 31,
          "column": 5
        },
        "end": {
          "line": 31,
          "column": 6
        }
      }
    },
    {
      "type": {
        "label": ";",
        "beforeExpr": true,
        "startsExpr": false,
        "rightAssociative": false,
        "isLoop": false,
        "isAssign": false,
        "prefix": false,
        "postfix": false,
        "binop": null,
        "updateContext": null
      },
      "start": 685,
      "end": 686,
      "loc": {
        "start": {
          "line": 31,
          "column": 6
        },
        "end": {
          "line": 31,
          "column": 7
        }
      }
    },
    {
      "type": {
        "label": "return",
        "keyword": "return",
        "beforeExpr": true,
        "startsExpr": false,
        "rightAssociative": false,
        "isLoop": false,
        "isAssign": false,
        "prefix": false,
        "postfix": false,
        "binop": null,
        "updateContext": null
      },
      "value": "return",
      "start": 691,
      "end": 697,
      "loc": {
        "start": {
          "line": 32,
          "column": 4
        },
        "end": {
          "line": 32,
          "column": 10
        }
      }
    },
    {
      "type": {
        "label": "name",
        "beforeExpr": false,
        "startsExpr": true,
        "rightAssociative": false,
        "isLoop": false,
        "isAssign": false,
        "prefix": false,
        "postfix": false,
        "binop": null
      },
      "value": "retVal",
      "start": 698,
      "end": 704,
      "loc": {
        "start": {
          "line": 32,
          "column": 11
        },
        "end": {
          "line": 32,
          "column": 17
        }
      }
    },
    {
      "type": {
        "label": ";",
        "beforeExpr": true,
        "startsExpr": false,
        "rightAssociative": false,
        "isLoop": false,
        "isAssign": false,
        "prefix": false,
        "postfix": false,
        "binop": null,
        "updateContext": null
      },
      "start": 704,
      "end": 705,
      "loc": {
        "start": {
          "line": 32,
          "column": 17
        },
        "end": {
          "line": 32,
          "column": 18
        }
      }
    },
    {
      "type": {
        "label": "}",
        "beforeExpr": false,
        "startsExpr": false,
        "rightAssociative": false,
        "isLoop": false,
        "isAssign": false,
        "prefix": false,
        "postfix": false,
        "binop": null
      },
      "start": 708,
      "end": 709,
      "loc": {
        "start": {
          "line": 33,
          "column": 2
        },
        "end": {
          "line": 33,
          "column": 3
        }
      }
    },
    {
      "type": "CommentBlock",
      "value": "*\n   * set the section to\n   * @param {Array} inputCoordinates\n   ",
      "start": 713,
      "end": 783,
      "loc": {
        "start": {
          "line": 35,
          "column": 2
        },
        "end": {
          "line": 38,
          "column": 5
        }
      }
    },
    {
      "type": {
        "label": "name",
        "beforeExpr": false,
        "startsExpr": true,
        "rightAssociative": false,
        "isLoop": false,
        "isAssign": false,
        "prefix": false,
        "postfix": false,
        "binop": null
      },
      "value": "setCoordinates",
      "start": 786,
      "end": 800,
      "loc": {
        "start": {
          "line": 39,
          "column": 2
        },
        "end": {
          "line": 39,
          "column": 16
        }
      }
    },
    {
      "type": {
        "label": "(",
        "beforeExpr": true,
        "startsExpr": true,
        "rightAssociative": false,
        "isLoop": false,
        "isAssign": false,
        "prefix": false,
        "postfix": false,
        "binop": null
      },
      "start": 800,
      "end": 801,
      "loc": {
        "start": {
          "line": 39,
          "column": 16
        },
        "end": {
          "line": 39,
          "column": 17
        }
      }
    },
    {
      "type": {
        "label": "name",
        "beforeExpr": false,
        "startsExpr": true,
        "rightAssociative": false,
        "isLoop": false,
        "isAssign": false,
        "prefix": false,
        "postfix": false,
        "binop": null
      },
      "value": "inputCoordinates",
      "start": 801,
      "end": 817,
      "loc": {
        "start": {
          "line": 39,
          "column": 17
        },
        "end": {
          "line": 39,
          "column": 33
        }
      }
    },
    {
      "type": {
        "label": ")",
        "beforeExpr": false,
        "startsExpr": false,
        "rightAssociative": false,
        "isLoop": false,
        "isAssign": false,
        "prefix": false,
        "postfix": false,
        "binop": null
      },
      "start": 817,
      "end": 818,
      "loc": {
        "start": {
          "line": 39,
          "column": 33
        },
        "end": {
          "line": 39,
          "column": 34
        }
      }
    },
    {
      "type": {
        "label": "{",
        "beforeExpr": true,
        "startsExpr": true,
        "rightAssociative": false,
        "isLoop": false,
        "isAssign": false,
        "prefix": false,
        "postfix": false,
        "binop": null
      },
      "start": 819,
      "end": 820,
      "loc": {
        "start": {
          "line": 39,
          "column": 35
        },
        "end": {
          "line": 39,
          "column": 36
        }
      }
    },
    {
      "type": {
        "label": "this",
        "keyword": "this",
        "beforeExpr": false,
        "startsExpr": true,
        "rightAssociative": false,
        "isLoop": false,
        "isAssign": false,
        "prefix": false,
        "postfix": false,
        "binop": null,
        "updateContext": null
      },
      "value": "this",
      "start": 825,
      "end": 829,
      "loc": {
        "start": {
          "line": 40,
          "column": 4
        },
        "end": {
          "line": 40,
          "column": 8
        }
      }
    },
    {
      "type": {
        "label": ".",
        "beforeExpr": false,
        "startsExpr": false,
        "rightAssociative": false,
        "isLoop": false,
        "isAssign": false,
        "prefix": false,
        "postfix": false,
        "binop": null,
        "updateContext": null
      },
      "start": 829,
      "end": 830,
      "loc": {
        "start": {
          "line": 40,
          "column": 8
        },
        "end": {
          "line": 40,
          "column": 9
        }
      }
    },
    {
      "type": {
        "label": "name",
        "beforeExpr": false,
        "startsExpr": true,
        "rightAssociative": false,
        "isLoop": false,
        "isAssign": false,
        "prefix": false,
        "postfix": false,
        "binop": null
      },
      "value": "coordinates",
      "start": 830,
      "end": 841,
      "loc": {
        "start": {
          "line": 40,
          "column": 9
        },
        "end": {
          "line": 40,
          "column": 20
        }
      }
    },
    {
      "type": {
        "label": "=",
        "beforeExpr": true,
        "startsExpr": false,
        "rightAssociative": false,
        "isLoop": false,
        "isAssign": true,
        "prefix": false,
        "postfix": false,
        "binop": null,
        "updateContext": null
      },
      "value": "=",
      "start": 842,
      "end": 843,
      "loc": {
        "start": {
          "line": 40,
          "column": 21
        },
        "end": {
          "line": 40,
          "column": 22
        }
      }
    },
    {
      "type": {
        "label": "name",
        "beforeExpr": false,
        "startsExpr": true,
        "rightAssociative": false,
        "isLoop": false,
        "isAssign": false,
        "prefix": false,
        "postfix": false,
        "binop": null
      },
      "value": "inputCoordinates",
      "start": 844,
      "end": 860,
      "loc": {
        "start": {
          "line": 40,
          "column": 23
        },
        "end": {
          "line": 40,
          "column": 39
        }
      }
    },
    {
      "type": {
        "label": ";",
        "beforeExpr": true,
        "startsExpr": false,
        "rightAssociative": false,
        "isLoop": false,
        "isAssign": false,
        "prefix": false,
        "postfix": false,
        "binop": null,
        "updateContext": null
      },
      "start": 860,
      "end": 861,
      "loc": {
        "start": {
          "line": 40,
          "column": 39
        },
        "end": {
          "line": 40,
          "column": 40
        }
      }
    },
    {
      "type": {
        "label": "}",
        "beforeExpr": false,
        "startsExpr": false,
        "rightAssociative": false,
        "isLoop": false,
        "isAssign": false,
        "prefix": false,
        "postfix": false,
        "binop": null
      },
      "start": 864,
      "end": 865,
      "loc": {
        "start": {
          "line": 41,
          "column": 2
        },
        "end": {
          "line": 41,
          "column": 3
        }
      }
    },
    {
      "type": {
        "label": "}",
        "beforeExpr": false,
        "startsExpr": false,
        "rightAssociative": false,
        "isLoop": false,
        "isAssign": false,
        "prefix": false,
        "postfix": false,
        "binop": null
      },
      "start": 866,
      "end": 867,
      "loc": {
        "start": {
          "line": 42,
          "column": 0
        },
        "end": {
          "line": 42,
          "column": 1
        }
      }
    },
    {
      "type": {
        "label": "eof",
        "beforeExpr": false,
        "startsExpr": false,
        "rightAssociative": false,
        "isLoop": false,
        "isAssign": false,
        "prefix": false,
        "postfix": false,
        "binop": null,
        "updateContext": null
      },
      "start": 868,
      "end": 868,
      "loc": {
        "start": {
          "line": 43,
          "column": 0
        },
        "end": {
          "line": 43,
          "column": 0
        }
      }
    }
  ]
}