{
  "type": "File",
  "start": 0,
  "end": 181,
  "loc": {
    "start": {
      "line": 1,
      "column": 0
    },
    "end": {
      "line": 11,
      "column": 0
    }
  },
  "program": {
    "type": "Program",
    "start": 0,
    "end": 181,
    "loc": {
      "start": {
        "line": 1,
        "column": 0
      },
      "end": {
        "line": 11,
        "column": 0
      }
    },
    "sourceType": "module",
    "body": [
      {
        "type": "ImportDeclaration",
        "start": 0,
        "end": 40,
        "loc": {
          "start": {
            "line": 1,
            "column": 0
          },
          "end": {
            "line": 1,
            "column": 40
          }
        },
        "specifiers": [
          {
            "type": "ImportSpecifier",
            "start": 8,
            "end": 18,
            "loc": {
              "start": {
                "line": 1,
                "column": 8
              },
              "end": {
                "line": 1,
                "column": 18
              }
            },
            "imported": {
              "type": "Identifier",
              "start": 8,
              "end": 18,
              "loc": {
                "start": {
                  "line": 1,
                  "column": 8
                },
                "end": {
                  "line": 1,
                  "column": 18
                },
                "identifierName": "StyleSheet"
              },
              "name": "StyleSheet"
            },
            "local": {
              "type": "Identifier",
              "start": 8,
              "end": 18,
              "loc": {
                "start": {
                  "line": 1,
                  "column": 8
                },
                "end": {
                  "line": 1,
                  "column": 18
                },
                "identifierName": "StyleSheet"
              },
              "name": "StyleSheet"
            }
          }
        ],
        "source": {
          "type": "StringLiteral",
          "start": 25,
          "end": 39,
          "loc": {
            "start": {
              "line": 1,
              "column": 25
            },
            "end": {
              "line": 1,
              "column": 39
            }
          },
          "extra": {
            "rawValue": "react-native",
            "raw": "'react-native'"
          },
          "value": "react-native"
        }
      },
      {
        "type": "Identifier",
        "start": 42,
        "end": 156,
        "loc": {
          "start": {
            "line": 3,
            "column": 0
          },
          "end": {
            "line": 8,
            "column": 3
          }
        },
        "declarations": [
          {
            "type": "VariableDeclarator",
            "start": 48,
            "end": 155,
            "loc": {
              "start": {
                "line": 3,
                "column": 6
              },
              "end": {
                "line": 8,
                "column": 2
              }
            },
            "id": {
              "type": "Identifier",
              "start": 48,
              "end": 54,
              "loc": {
                "start": {
                  "line": 3,
                  "column": 6
                },
                "end": {
                  "line": 3,
                  "column": 12
                },
                "identifierName": "styles"
              },
              "name": "styles"
            },
            "init": {
              "type": "CallExpression",
              "start": 57,
              "end": 155,
              "loc": {
                "start": {
                  "line": 3,
                  "column": 15
                },
                "end": {
                  "line": 8,
                  "column": 2
                }
              },
              "callee": {
                "type": "MemberExpression",
                "start": 57,
                "end": 74,
                "loc": {
                  "start": {
                    "line": 3,
                    "column": 15
                  },
                  "end": {
                    "line": 3,
                    "column": 32
                  }
                },
                "object": {
                  "type": "Identifier",
                  "start": 57,
                  "end": 67,
                  "loc": {
                    "start": {
                      "line": 3,
                      "column": 15
                    },
                    "end": {
                      "line": 3,
                      "column": 25
                    },
                    "identifierName": "StyleSheet"
                  },
                  "name": "StyleSheet"
                },
                "property": {
                  "type": "Identifier",
                  "start": 68,
                  "end": 74,
                  "loc": {
                    "start": {
                      "line": 3,
                      "column": 26
                    },
                    "end": {
                      "line": 3,
                      "column": 32
                    },
                    "identifierName": "create"
                  },
                  "name": "create"
                },
                "computed": false
              },
              "arguments": [
                {
                  "type": "ObjectExpression",
                  "start": 75,
                  "end": 154,
                  "loc": {
                    "start": {
                      "line": 3,
                      "column": 33
                    },
                    "end": {
                      "line": 8,
                      "column": 1
                    }
                  },
                  "properties": [
                    {
                      "type": "ObjectProperty",
                      "start": 79,
                      "end": 151,
                      "loc": {
                        "start": {
                          "line": 4,
                          "column": 2
                        },
                        "end": {
                          "line": 7,
                          "column": 3
                        }
                      },
                      "method": false,
                      "shorthand": false,
                      "computed": false,
                      "key": {
                        "type": "Identifier",
                        "start": 79,
                        "end": 89,
                        "loc": {
                          "start": {
                            "line": 4,
                            "column": 2
                          },
                          "end": {
                            "line": 4,
                            "column": 12
                          },
                          "identifierName": "iconButton"
                        },
                        "name": "iconButton"
                      },
                      "value": {
                        "type": "ObjectExpression",
                        "start": 91,
                        "end": 151,
                        "loc": {
                          "start": {
                            "line": 4,
                            "column": 14
                          },
                          "end": {
                            "line": 7,
                            "column": 3
                          }
                        },
                        "properties": [
                          {
                            "type": "ObjectProperty",
                            "start": 97,
                            "end": 106,
                            "loc": {
                              "start": {
                                "line": 5,
                                "column": 4
                              },
                              "end": {
                                "line": 5,
                                "column": 13
                              }
                            },
                            "method": false,
                            "shorthand": false,
                            "computed": false,
                            "key": {
                              "type": "Identifier",
                              "start": 97,
                              "end": 103,
                              "loc": {
                                "start": {
                                  "line": 5,
                                  "column": 4
                                },
                                "end": {
                                  "line": 5,
                                  "column": 10
                                },
                                "identifierName": "zIndex"
                              },
                              "name": "zIndex"
                            },
                            "value": {
                              "type": "NumericLiteral",
                              "start": 105,
                              "end": 106,
                              "loc": {
                                "start": {
                                  "line": 5,
                                  "column": 12
                                },
                                "end": {
                                  "line": 5,
                                  "column": 13
                                }
                              },
                              "extra": {
                                "rawValue": 2,
                                "raw": "2"
                              },
                              "value": 2
                            }
                          },
                          {
                            "type": "ObjectProperty",
                            "start": 112,
                            "end": 146,
                            "loc": {
                              "start": {
                                "line": 6,
                                "column": 4
                              },
                              "end": {
                                "line": 6,
                                "column": 38
                              }
                            },
                            "method": false,
                            "shorthand": false,
                            "computed": false,
                            "key": {
                              "type": "Identifier",
                              "start": 112,
                              "end": 127,
                              "loc": {
                                "start": {
                                  "line": 6,
                                  "column": 4
                                },
                                "end": {
                                  "line": 6,
                                  "column": 19
                                },
                                "identifierName": "backgroundColor"
                              },
                              "name": "backgroundColor"
                            },
                            "value": {
                              "type": "StringLiteral",
                              "start": 129,
                              "end": 146,
                              "loc": {
                                "start": {
                                  "line": 6,
                                  "column": 21
                                },
                                "end": {
                                  "line": 6,
                                  "column": 38
                                }
                              },
                              "extra": {
                                "rawValue": "rgba(0,0,0,0.0)",
                                "raw": "'rgba(0,0,0,0.0)'"
                              },
                              "value": "rgba(0,0,0,0.0)"
                            }
                          }
                        ]
                      }
                    }
                  ]
                }
              ]
            }
          }
        ],
        "kind": "const",
        "name": "_",
        "leadingComments": [],
        "trailingComments": []
      },
      {
        "type": "Identifier",
        "start": 158,
        "end": 180,
        "loc": {
          "start": {
            "line": 10,
            "column": 0
          },
          "end": {
            "line": 10,
            "column": 22
          }
        },
        "declaration": {
          "type": "Identifier",
          "start": 173,
          "end": 179,
          "loc": {
            "start": {
              "line": 10,
              "column": 15
            },
            "end": {
              "line": 10,
              "column": 21
            },
            "identifierName": "styles"
          },
          "name": "styles"
        },
        "name": "_",
        "leadingComments": [],
        "trailingComments": []
      },
      {
        "type": "ExportDefaultDeclaration",
        "start": 158,
        "end": 180,
        "loc": {
          "start": {
            "line": 10,
            "column": 0
          },
          "end": {
            "line": 10,
            "column": 22
          }
        },
        "declaration": {
          "type": "VariableDeclaration",
          "start": 42,
          "end": 156,
          "loc": {
            "start": {
              "line": 3,
              "column": 0
            },
            "end": {
              "line": 8,
              "column": 3
            }
          },
          "declarations": [
            {
              "type": "VariableDeclarator",
              "start": 48,
              "end": 155,
              "loc": {
                "start": {
                  "line": 3,
                  "column": 6
                },
                "end": {
                  "line": 8,
                  "column": 2
                }
              },
              "id": {
                "type": "Identifier",
                "start": 48,
                "end": 54,
                "loc": {
                  "start": {
                    "line": 3,
                    "column": 6
                  },
                  "end": {
                    "line": 3,
                    "column": 12
                  },
                  "identifierName": "styles"
                },
                "name": "styles"
              },
              "init": {
                "type": "CallExpression",
                "start": 57,
                "end": 155,
                "loc": {
                  "start": {
                    "line": 3,
                    "column": 15
                  },
                  "end": {
                    "line": 8,
                    "column": 2
                  }
                },
                "callee": {
                  "type": "MemberExpression",
                  "start": 57,
                  "end": 74,
                  "loc": {
                    "start": {
                      "line": 3,
                      "column": 15
                    },
                    "end": {
                      "line": 3,
                      "column": 32
                    }
                  },
                  "object": {
                    "type": "Identifier",
                    "start": 57,
                    "end": 67,
                    "loc": {
                      "start": {
                        "line": 3,
                        "column": 15
                      },
                      "end": {
                        "line": 3,
                        "column": 25
                      },
                      "identifierName": "StyleSheet"
                    },
                    "name": "StyleSheet"
                  },
                  "property": {
                    "type": "Identifier",
                    "start": 68,
                    "end": 74,
                    "loc": {
                      "start": {
                        "line": 3,
                        "column": 26
                      },
                      "end": {
                        "line": 3,
                        "column": 32
                      },
                      "identifierName": "create"
                    },
                    "name": "create"
                  },
                  "computed": false
                },
                "arguments": [
                  {
                    "type": "ObjectExpression",
                    "start": 75,
                    "end": 154,
                    "loc": {
                      "start": {
                        "line": 3,
                        "column": 33
                      },
                      "end": {
                        "line": 8,
                        "column": 1
                      }
                    },
                    "properties": [
                      {
                        "type": "ObjectProperty",
                        "start": 79,
                        "end": 151,
                        "loc": {
                          "start": {
                            "line": 4,
                            "column": 2
                          },
                          "end": {
                            "line": 7,
                            "column": 3
                          }
                        },
                        "method": false,
                        "shorthand": false,
                        "computed": false,
                        "key": {
                          "type": "Identifier",
                          "start": 79,
                          "end": 89,
                          "loc": {
                            "start": {
                              "line": 4,
                              "column": 2
                            },
                            "end": {
                              "line": 4,
                              "column": 12
                            },
                            "identifierName": "iconButton"
                          },
                          "name": "iconButton"
                        },
                        "value": {
                          "type": "ObjectExpression",
                          "start": 91,
                          "end": 151,
                          "loc": {
                            "start": {
                              "line": 4,
                              "column": 14
                            },
                            "end": {
                              "line": 7,
                              "column": 3
                            }
                          },
                          "properties": [
                            {
                              "type": "ObjectProperty",
                              "start": 97,
                              "end": 106,
                              "loc": {
                                "start": {
                                  "line": 5,
                                  "column": 4
                                },
                                "end": {
                                  "line": 5,
                                  "column": 13
                                }
                              },
                              "method": false,
                              "shorthand": false,
                              "computed": false,
                              "key": {
                                "type": "Identifier",
                                "start": 97,
                                "end": 103,
                                "loc": {
                                  "start": {
                                    "line": 5,
                                    "column": 4
                                  },
                                  "end": {
                                    "line": 5,
                                    "column": 10
                                  },
                                  "identifierName": "zIndex"
                                },
                                "name": "zIndex"
                              },
                              "value": {
                                "type": "NumericLiteral",
                                "start": 105,
                                "end": 106,
                                "loc": {
                                  "start": {
                                    "line": 5,
                                    "column": 12
                                  },
                                  "end": {
                                    "line": 5,
                                    "column": 13
                                  }
                                },
                                "extra": {
                                  "rawValue": 2,
                                  "raw": "2"
                                },
                                "value": 2
                              }
                            },
                            {
                              "type": "ObjectProperty",
                              "start": 112,
                              "end": 146,
                              "loc": {
                                "start": {
                                  "line": 6,
                                  "column": 4
                                },
                                "end": {
                                  "line": 6,
                                  "column": 38
                                }
                              },
                              "method": false,
                              "shorthand": false,
                              "computed": false,
                              "key": {
                                "type": "Identifier",
                                "start": 112,
                                "end": 127,
                                "loc": {
                                  "start": {
                                    "line": 6,
                                    "column": 4
                                  },
                                  "end": {
                                    "line": 6,
                                    "column": 19
                                  },
                                  "identifierName": "backgroundColor"
                                },
                                "name": "backgroundColor"
                              },
                              "value": {
                                "type": "StringLiteral",
                                "start": 129,
                                "end": 146,
                                "loc": {
                                  "start": {
                                    "line": 6,
                                    "column": 21
                                  },
                                  "end": {
                                    "line": 6,
                                    "column": 38
                                  }
                                },
                                "extra": {
                                  "rawValue": "rgba(0,0,0,0.0)",
                                  "raw": "'rgba(0,0,0,0.0)'"
                                },
                                "value": "rgba(0,0,0,0.0)"
                              }
                            }
                          ]
                        }
                      }
                    ]
                  }
                ]
              }
            }
          ],
          "kind": "const",
          "leadingComments": [],
          "trailingComments": []
        }
      }
    ],
    "directives": []
  },
  "comments": [],
  "tokens": [
    {
      "type": {
        "label": "import",
        "keyword": "import",
        "beforeExpr": false,
        "startsExpr": true,
        "rightAssociative": false,
        "isLoop": false,
        "isAssign": false,
        "prefix": false,
        "postfix": false,
        "binop": null,
        "updateContext": null
      },
      "value": "import",
      "start": 0,
      "end": 6,
      "loc": {
        "start": {
          "line": 1,
          "column": 0
        },
        "end": {
          "line": 1,
          "column": 6
        }
      }
    },
    {
      "type": {
        "label": "{",
        "beforeExpr": true,
        "startsExpr": true,
        "rightAssociative": false,
        "isLoop": false,
        "isAssign": false,
        "prefix": false,
        "postfix": false,
        "binop": null
      },
      "start": 7,
      "end": 8,
      "loc": {
        "start": {
          "line": 1,
          "column": 7
        },
        "end": {
          "line": 1,
          "column": 8
        }
      }
    },
    {
      "type": {
        "label": "name",
        "beforeExpr": false,
        "startsExpr": true,
        "rightAssociative": false,
        "isLoop": false,
        "isAssign": false,
        "prefix": false,
        "postfix": false,
        "binop": null
      },
      "value": "StyleSheet",
      "start": 8,
      "end": 18,
      "loc": {
        "start": {
          "line": 1,
          "column": 8
        },
        "end": {
          "line": 1,
          "column": 18
        }
      }
    },
    {
      "type": {
        "label": "}",
        "beforeExpr": false,
        "startsExpr": false,
        "rightAssociative": false,
        "isLoop": false,
        "isAssign": false,
        "prefix": false,
        "postfix": false,
        "binop": null
      },
      "start": 18,
      "end": 19,
      "loc": {
        "start": {
          "line": 1,
          "column": 18
        },
        "end": {
          "line": 1,
          "column": 19
        }
      }
    },
    {
      "type": {
        "label": "name",
        "beforeExpr": false,
        "startsExpr": true,
        "rightAssociative": false,
        "isLoop": false,
        "isAssign": false,
        "prefix": false,
        "postfix": false,
        "binop": null
      },
      "value": "from",
      "start": 20,
      "end": 24,
      "loc": {
        "start": {
          "line": 1,
          "column": 20
        },
        "end": {
          "line": 1,
          "column": 24
        }
      }
    },
    {
      "type": {
        "label": "string",
        "beforeExpr": false,
        "startsExpr": true,
        "rightAssociative": false,
        "isLoop": false,
        "isAssign": false,
        "prefix": false,
        "postfix": false,
        "binop": null,
        "updateContext": null
      },
      "value": "react-native",
      "start": 25,
      "end": 39,
      "loc": {
        "start": {
          "line": 1,
          "column": 25
        },
        "end": {
          "line": 1,
          "column": 39
        }
      }
    },
    {
      "type": {
        "label": ";",
        "beforeExpr": true,
        "startsExpr": false,
        "rightAssociative": false,
        "isLoop": false,
        "isAssign": false,
        "prefix": false,
        "postfix": false,
        "binop": null,
        "updateContext": null
      },
      "start": 39,
      "end": 40,
      "loc": {
        "start": {
          "line": 1,
          "column": 39
        },
        "end": {
          "line": 1,
          "column": 40
        }
      }
    },
    {
      "type": {
        "label": "const",
        "keyword": "const",
        "beforeExpr": false,
        "startsExpr": false,
        "rightAssociative": false,
        "isLoop": false,
        "isAssign": false,
        "prefix": false,
        "postfix": false,
        "binop": null,
        "updateContext": null
      },
      "value": "const",
      "start": 42,
      "end": 47,
      "loc": {
        "start": {
          "line": 3,
          "column": 0
        },
        "end": {
          "line": 3,
          "column": 5
        }
      }
    },
    {
      "type": {
        "label": "name",
        "beforeExpr": false,
        "startsExpr": true,
        "rightAssociative": false,
        "isLoop": false,
        "isAssign": false,
        "prefix": false,
        "postfix": false,
        "binop": null
      },
      "value": "styles",
      "start": 48,
      "end": 54,
      "loc": {
        "start": {
          "line": 3,
          "column": 6
        },
        "end": {
          "line": 3,
          "column": 12
        }
      }
    },
    {
      "type": {
        "label": "=",
        "beforeExpr": true,
        "startsExpr": false,
        "rightAssociative": false,
        "isLoop": false,
        "isAssign": true,
        "prefix": false,
        "postfix": false,
        "binop": null,
        "updateContext": null
      },
      "value": "=",
      "start": 55,
      "end": 56,
      "loc": {
        "start": {
          "line": 3,
          "column": 13
        },
        "end": {
          "line": 3,
          "column": 14
        }
      }
    },
    {
      "type": {
        "label": "name",
        "beforeExpr": false,
        "startsExpr": true,
        "rightAssociative": false,
        "isLoop": false,
        "isAssign": false,
        "prefix": false,
        "postfix": false,
        "binop": null
      },
      "value": "StyleSheet",
      "start": 57,
      "end": 67,
      "loc": {
        "start": {
          "line": 3,
          "column": 15
        },
        "end": {
          "line": 3,
          "column": 25
        }
      }
    },
    {
      "type": {
        "label": ".",
        "beforeExpr": false,
        "startsExpr": false,
        "rightAssociative": false,
        "isLoop": false,
        "isAssign": false,
        "prefix": false,
        "postfix": false,
        "binop": null,
        "updateContext": null
      },
      "start": 67,
      "end": 68,
      "loc": {
        "start": {
          "line": 3,
          "column": 25
        },
        "end": {
          "line": 3,
          "column": 26
        }
      }
    },
    {
      "type": {
        "label": "name",
        "beforeExpr": false,
        "startsExpr": true,
        "rightAssociative": false,
        "isLoop": false,
        "isAssign": false,
        "prefix": false,
        "postfix": false,
        "binop": null
      },
      "value": "create",
      "start": 68,
      "end": 74,
      "loc": {
        "start": {
          "line": 3,
          "column": 26
        },
        "end": {
          "line": 3,
          "column": 32
        }
      }
    },
    {
      "type": {
        "label": "(",
        "beforeExpr": true,
        "startsExpr": true,
        "rightAssociative": false,
        "isLoop": false,
        "isAssign": false,
        "prefix": false,
        "postfix": false,
        "binop": null
      },
      "start": 74,
      "end": 75,
      "loc": {
        "start": {
          "line": 3,
          "column": 32
        },
        "end": {
          "line": 3,
          "column": 33
        }
      }
    },
    {
      "type": {
        "label": "{",
        "beforeExpr": true,
        "startsExpr": true,
        "rightAssociative": false,
        "isLoop": false,
        "isAssign": false,
        "prefix": false,
        "postfix": false,
        "binop": null
      },
      "start": 75,
      "end": 76,
      "loc": {
        "start": {
          "line": 3,
          "column": 33
        },
        "end": {
          "line": 3,
          "column": 34
        }
      }
    },
    {
      "type": {
        "label": "name",
        "beforeExpr": false,
        "startsExpr": true,
        "rightAssociative": false,
        "isLoop": false,
        "isAssign": false,
        "prefix": false,
        "postfix": false,
        "binop": null
      },
      "value": "iconButton",
      "start": 79,
      "end": 89,
      "loc": {
        "start": {
          "line": 4,
          "column": 2
        },
        "end": {
          "line": 4,
          "column": 12
        }
      }
    },
    {
      "type": {
        "label": ":",
        "beforeExpr": true,
        "startsExpr": false,
        "rightAssociative": false,
        "isLoop": false,
        "isAssign": false,
        "prefix": false,
        "postfix": false,
        "binop": null,
        "updateContext": null
      },
      "start": 89,
      "end": 90,
      "loc": {
        "start": {
          "line": 4,
          "column": 12
        },
        "end": {
          "line": 4,
          "column": 13
        }
      }
    },
    {
      "type": {
        "label": "{",
        "beforeExpr": true,
        "startsExpr": true,
        "rightAssociative": false,
        "isLoop": false,
        "isAssign": false,
        "prefix": false,
        "postfix": false,
        "binop": null
      },
      "start": 91,
      "end": 92,
      "loc": {
        "start": {
          "line": 4,
          "column": 14
        },
        "end": {
          "line": 4,
          "column": 15
        }
      }
    },
    {
      "type": {
        "label": "name",
        "beforeExpr": false,
        "startsExpr": true,
        "rightAssociative": false,
        "isLoop": false,
        "isAssign": false,
        "prefix": false,
        "postfix": false,
        "binop": null
      },
      "value": "zIndex",
      "start": 97,
      "end": 103,
      "loc": {
        "start": {
          "line": 5,
          "column": 4
        },
        "end": {
          "line": 5,
          "column": 10
        }
      }
    },
    {
      "type": {
        "label": ":",
        "beforeExpr": true,
        "startsExpr": false,
        "rightAssociative": false,
        "isLoop": false,
        "isAssign": false,
        "prefix": false,
        "postfix": false,
        "binop": null,
        "updateContext": null
      },
      "start": 103,
      "end": 104,
      "loc": {
        "start": {
          "line": 5,
          "column": 10
        },
        "end": {
          "line": 5,
          "column": 11
        }
      }
    },
    {
      "type": {
        "label": "num",
        "beforeExpr": false,
        "startsExpr": true,
        "rightAssociative": false,
        "isLoop": false,
        "isAssign": false,
        "prefix": false,
        "postfix": false,
        "binop": null,
        "updateContext": null
      },
      "value": 2,
      "start": 105,
      "end": 106,
      "loc": {
        "start": {
          "line": 5,
          "column": 12
        },
        "end": {
          "line": 5,
          "column": 13
        }
      }
    },
    {
      "type": {
        "label": ",",
        "beforeExpr": true,
        "startsExpr": false,
        "rightAssociative": false,
        "isLoop": false,
        "isAssign": false,
        "prefix": false,
        "postfix": false,
        "binop": null,
        "updateContext": null
      },
      "start": 106,
      "end": 107,
      "loc": {
        "start": {
          "line": 5,
          "column": 13
        },
        "end": {
          "line": 5,
          "column": 14
        }
      }
    },
    {
      "type": {
        "label": "name",
        "beforeExpr": false,
        "startsExpr": true,
        "rightAssociative": false,
        "isLoop": false,
        "isAssign": false,
        "prefix": false,
        "postfix": false,
        "binop": null
      },
      "value": "backgroundColor",
      "start": 112,
      "end": 127,
      "loc": {
        "start": {
          "line": 6,
          "column": 4
        },
        "end": {
          "line": 6,
          "column": 19
        }
      }
    },
    {
      "type": {
        "label": ":",
        "beforeExpr": true,
        "startsExpr": false,
        "rightAssociative": false,
        "isLoop": false,
        "isAssign": false,
        "prefix": false,
        "postfix": false,
        "binop": null,
        "updateContext": null
      },
      "start": 127,
      "end": 128,
      "loc": {
        "start": {
          "line": 6,
          "column": 19
        },
        "end": {
          "line": 6,
          "column": 20
        }
      }
    },
    {
      "type": {
        "label": "string",
        "beforeExpr": false,
        "startsExpr": true,
        "rightAssociative": false,
        "isLoop": false,
        "isAssign": false,
        "prefix": false,
        "postfix": false,
        "binop": null,
        "updateContext": null
      },
      "value": "rgba(0,0,0,0.0)",
      "start": 129,
      "end": 146,
      "loc": {
        "start": {
          "line": 6,
          "column": 21
        },
        "end": {
          "line": 6,
          "column": 38
        }
      }
    },
    {
      "type": {
        "label": ",",
        "beforeExpr": true,
        "startsExpr": false,
        "rightAssociative": false,
        "isLoop": false,
        "isAssign": false,
        "prefix": false,
        "postfix": false,
        "binop": null,
        "updateContext": null
      },
      "start": 146,
      "end": 147,
      "loc": {
        "start": {
          "line": 6,
          "column": 38
        },
        "end": {
          "line": 6,
          "column": 39
        }
      }
    },
    {
      "type": {
        "label": "}",
        "beforeExpr": false,
        "startsExpr": false,
        "rightAssociative": false,
        "isLoop": false,
        "isAssign": false,
        "prefix": false,
        "postfix": false,
        "binop": null
      },
      "start": 150,
      "end": 151,
      "loc": {
        "start": {
          "line": 7,
          "column": 2
        },
        "end": {
          "line": 7,
          "column": 3
        }
      }
    },
    {
      "type": {
        "label": ",",
        "beforeExpr": true,
        "startsExpr": false,
        "rightAssociative": false,
        "isLoop": false,
        "isAssign": false,
        "prefix": false,
        "postfix": false,
        "binop": null,
        "updateContext": null
      },
      "start": 151,
      "end": 152,
      "loc": {
        "start": {
          "line": 7,
          "column": 3
        },
        "end": {
          "line": 7,
          "column": 4
        }
      }
    },
    {
      "type": {
        "label": "}",
        "beforeExpr": false,
        "startsExpr": false,
        "rightAssociative": false,
        "isLoop": false,
        "isAssign": false,
        "prefix": false,
        "postfix": false,
        "binop": null
      },
      "start": 153,
      "end": 154,
      "loc": {
        "start": {
          "line": 8,
          "column": 0
        },
        "end": {
          "line": 8,
          "column": 1
        }
      }
    },
    {
      "type": {
        "label": ")",
        "beforeExpr": false,
        "startsExpr": false,
        "rightAssociative": false,
        "isLoop": false,
        "isAssign": false,
        "prefix": false,
        "postfix": false,
        "binop": null
      },
      "start": 154,
      "end": 155,
      "loc": {
        "start": {
          "line": 8,
          "column": 1
        },
        "end": {
          "line": 8,
          "column": 2
        }
      }
    },
    {
      "type": {
        "label": ";",
        "beforeExpr": true,
        "startsExpr": false,
        "rightAssociative": false,
        "isLoop": false,
        "isAssign": false,
        "prefix": false,
        "postfix": false,
        "binop": null,
        "updateContext": null
      },
      "start": 155,
      "end": 156,
      "loc": {
        "start": {
          "line": 8,
          "column": 2
        },
        "end": {
          "line": 8,
          "column": 3
        }
      }
    },
    {
      "type": {
        "label": "export",
        "keyword": "export",
        "beforeExpr": false,
        "startsExpr": false,
        "rightAssociative": false,
        "isLoop": false,
        "isAssign": false,
        "prefix": false,
        "postfix": false,
        "binop": null,
        "updateContext": null
      },
      "value": "export",
      "start": 158,
      "end": 164,
      "loc": {
        "start": {
          "line": 10,
          "column": 0
        },
        "end": {
          "line": 10,
          "column": 6
        }
      }
    },
    {
      "type": {
        "label": "default",
        "keyword": "default",
        "beforeExpr": true,
        "startsExpr": false,
        "rightAssociative": false,
        "isLoop": false,
        "isAssign": false,
        "prefix": false,
        "postfix": false,
        "binop": null,
        "updateContext": null
      },
      "value": "default",
      "start": 165,
      "end": 172,
      "loc": {
        "start": {
          "line": 10,
          "column": 7
        },
        "end": {
          "line": 10,
          "column": 14
        }
      }
    },
    {
      "type": {
        "label": "name",
        "beforeExpr": false,
        "startsExpr": true,
        "rightAssociative": false,
        "isLoop": false,
        "isAssign": false,
        "prefix": false,
        "postfix": false,
        "binop": null
      },
      "value": "styles",
      "start": 173,
      "end": 179,
      "loc": {
        "start": {
          "line": 10,
          "column": 15
        },
        "end": {
          "line": 10,
          "column": 21
        }
      }
    },
    {
      "type": {
        "label": ";",
        "beforeExpr": true,
        "startsExpr": false,
        "rightAssociative": false,
        "isLoop": false,
        "isAssign": false,
        "prefix": false,
        "postfix": false,
        "binop": null,
        "updateContext": null
      },
      "start": 179,
      "end": 180,
      "loc": {
        "start": {
          "line": 10,
          "column": 21
        },
        "end": {
          "line": 10,
          "column": 22
        }
      }
    },
    {
      "type": {
        "label": "eof",
        "beforeExpr": false,
        "startsExpr": false,
        "rightAssociative": false,
        "isLoop": false,
        "isAssign": false,
        "prefix": false,
        "postfix": false,
        "binop": null,
        "updateContext": null
      },
      "start": 181,
      "end": 181,
      "loc": {
        "start": {
          "line": 11,
          "column": 0
        },
        "end": {
          "line": 11,
          "column": 0
        }
      }
    }
  ]
}